,model,epochs,weights,criterion,optimizer,learning_rate,L1_norm,VBS_test,SBS_test,Accuracy_test,Score_test,Gap_test,VBS_train,SBS_train,Accuracy_train,Score_train,Gap_train
MLP_modelID_1_weights_balanced_optimizer_Adam_learningrate_0.0003_l1Norm_0,Small_Dropout,200.0,balanced,CrossEntropyLoss,Adam,0.0003,0.0,1910.8337724711569,5106.399455325999,0.5836,7480.394845720418,-0.7429030181202683,1936.8916563799808,4801.996742251442,0.8679,2760.4387515094595,0.7125595500176967
MLP_modelID_1_weights_balanced_optimizer_Adam_learningrate_0.0003_l1Norm_0.0001,Small_Dropout,200.0,balanced,CrossEntropyLoss,Adam,0.0003,0.0001,1910.8337724711569,5106.399455325999,0.5951,7264.647163938824,-0.6753883108059595,1936.8916563799808,4801.996742251442,0.8838,2597.2919602844486,0.7695022401931908
MLP_modelID_1_weights_balanced_optimizer_Adam_learningrate_0.01_l1Norm_0,Small_Dropout,200.0,balanced,CrossEntropyLoss,Adam,0.01,0.0,1910.8337724711569,5106.399455325999,0.5863,5106.399455325999,0.0,1936.8916563799808,4801.996742251442,0.5872,4801.996742251442,0.0
MLP_modelID_1_weights_balanced_optimizer_Adam_learningrate_0.01_l1Norm_0.0001,Small_Dropout,200.0,balanced,CrossEntropyLoss,Adam,0.01,0.0001,1910.8337724711569,5106.399455325999,0.5863,5106.399455325999,0.0,1936.8916563799808,4801.996742251442,0.5872,4801.996742251442,0.0
MLP_modelID_1_weights_balanced_optimizer_Adam_learningrate_0.1_l1Norm_0,Small_Dropout,200.0,balanced,CrossEntropyLoss,Adam,0.1,0.0,1910.8337724711569,5106.399455325999,0.5863,5106.399455325999,0.0,1936.8916563799808,4801.996742251442,0.5872,4801.996742251442,0.0
MLP_modelID_1_weights_balanced_optimizer_Adam_learningrate_0.1_l1Norm_0.0001,Small_Dropout,200.0,balanced,CrossEntropyLoss,Adam,0.1,0.0001,1910.8337724711569,5106.399455325999,0.5863,5106.399455325999,0.0,1936.8916563799808,4801.996742251442,0.5872,4801.996742251442,0.0
MLP_modelID_1_weights_balanced_optimizer_Adam_learningrate_1_l1Norm_0,Small_Dropout,200.0,balanced,CrossEntropyLoss,Adam,1.0,0.0,1910.8337724711569,5106.399455325999,0.5863,5106.399455325999,0.0,1936.8916563799808,4801.996742251442,0.5872,4801.996742251442,0.0
MLP_modelID_1_weights_balanced_optimizer_Adam_learningrate_1_l1Norm_0.0001,Small_Dropout,200.0,balanced,CrossEntropyLoss,Adam,1.0,0.0001,1910.8337724711569,5106.399455325999,0.5863,5106.399455325999,0.0,1936.8916563799808,4801.996742251442,0.5872,4801.996742251442,0.0
MLP_modelID_1_weights_balanced_optimizer_LBFGS_learningrate_0.0003_l1Norm_0,Small_Dropout,200.0,balanced,CrossEntropyLoss,LBFGS,0.0003,0.0,1910.8337724711569,5106.399455325999,0.4151,17595.218105715052,-3.908171475678084,1936.8916563799808,4801.996742251442,0.4021,17885.20252985375,-4.566396483018657
MLP_modelID_1_weights_balanced_optimizer_LBFGS_learningrate_0.0003_l1Norm_0.0001,Small_Dropout,200.0,balanced,CrossEntropyLoss,LBFGS,0.0003,0.0001,1910.8337724711569,5106.399455325999,0.3426,23996.51939898041,-5.911353988123452,1936.8916563799808,4801.996742251442,0.3385,23524.49994968469,-6.534665447267021
MLP_modelID_1_weights_balanced_optimizer_LBFGS_learningrate_0.01_l1Norm_0,Small_Dropout,200.0,balanced,CrossEntropyLoss,LBFGS,0.01,0.0,1910.8337724711569,5106.399455325999,0.5863,5106.399455325999,0.0,1936.8916563799808,4801.996742251442,0.5872,4801.996742251442,0.0
MLP_modelID_1_weights_balanced_optimizer_LBFGS_learningrate_0.01_l1Norm_0.0001,Small_Dropout,200.0,balanced,CrossEntropyLoss,LBFGS,0.01,0.0001,1910.8337724711569,5106.399455325999,0.5863,5106.399455325999,0.0,1936.8916563799808,4801.996742251442,0.5872,4801.996742251442,0.0
MLP_modelID_1_weights_balanced_optimizer_LBFGS_learningrate_0.1_l1Norm_0,Small_Dropout,200.0,balanced,CrossEntropyLoss,LBFGS,0.1,0.0,1910.8337724711569,5106.399455325999,0.5863,5106.399455325999,0.0,1936.8916563799808,4801.996742251442,0.5872,4801.996742251442,0.0
MLP_modelID_1_weights_balanced_optimizer_LBFGS_learningrate_0.1_l1Norm_0.0001,Small_Dropout,200.0,balanced,CrossEntropyLoss,LBFGS,0.1,0.0001,1910.8337724711569,5106.399455325999,0.5863,5106.399455325999,0.0,1936.8916563799808,4801.996742251442,0.5872,4801.996742251442,0.0
MLP_modelID_1_weights_balanced_optimizer_LBFGS_learningrate_1_l1Norm_0,Small_Dropout,200.0,balanced,CrossEntropyLoss,LBFGS,1.0,0.0,1910.8337724711569,5106.399455325999,0.5863,5106.399455325999,0.0,1936.8916563799808,4801.996742251442,0.5872,4801.996742251442,0.0
MLP_modelID_1_weights_balanced_optimizer_LBFGS_learningrate_1_l1Norm_0.0001,Small_Dropout,200.0,balanced,CrossEntropyLoss,LBFGS,1.0,0.0001,1910.8337724711569,5106.399455325999,0.5863,5106.399455325999,0.0,1936.8916563799808,4801.996742251442,0.5872,4801.996742251442,0.0
MLP_modelID_1_weights_balanced_optimizer_SGD_learningrate_0.0003_l1Norm_0,Small_Dropout,200.0,balanced,CrossEntropyLoss,SGD,0.0003,0.0,1910.8337724711569,5106.399455325999,0.5863,5106.399455325999,0.0,1936.8916563799808,4801.996742251442,0.5872,4801.996742251442,0.0
MLP_modelID_1_weights_balanced_optimizer_SGD_learningrate_0.0003_l1Norm_0.0001,Small_Dropout,200.0,balanced,CrossEntropyLoss,SGD,0.0003,0.0001,1910.8337724711569,5106.399455325999,0.5863,5106.399455325999,0.0,1936.8916563799808,4801.996742251442,0.5872,4801.996742251442,0.0
MLP_modelID_1_weights_balanced_optimizer_SGD_learningrate_0.01_l1Norm_0,Small_Dropout,200.0,balanced,CrossEntropyLoss,SGD,0.01,0.0,1910.8337724711569,5106.399455325999,0.5863,5106.399455325999,0.0,1936.8916563799808,4801.996742251442,0.5872,4801.996742251442,0.0
MLP_modelID_1_weights_balanced_optimizer_SGD_learningrate_0.01_l1Norm_0.0001,Small_Dropout,200.0,balanced,CrossEntropyLoss,SGD,0.01,0.0001,1910.8337724711569,5106.399455325999,0.5863,5106.399455325999,0.0,1936.8916563799808,4801.996742251442,0.5872,4801.996742251442,0.0
MLP_modelID_1_weights_balanced_optimizer_SGD_learningrate_0.1_l1Norm_0,Small_Dropout,200.0,balanced,CrossEntropyLoss,SGD,0.1,0.0,1910.8337724711569,5106.399455325999,0.5863,5106.399455325999,0.0,1936.8916563799808,4801.996742251442,0.5872,4801.996742251442,0.0
MLP_modelID_1_weights_balanced_optimizer_SGD_learningrate_0.1_l1Norm_0.0001,Small_Dropout,200.0,balanced,CrossEntropyLoss,SGD,0.1,0.0001,1910.8337724711569,5106.399455325999,0.5863,5106.399455325999,0.0,1936.8916563799808,4801.996742251442,0.5872,4801.996742251442,0.0
MLP_modelID_1_weights_balanced_optimizer_SGD_learningrate_1_l1Norm_0,Small_Dropout,200.0,balanced,CrossEntropyLoss,SGD,1.0,0.0,1910.8337724711569,5106.399455325999,0.5863,5106.399455325999,0.0,1936.8916563799808,4801.996742251442,0.5872,4801.996742251442,0.0
MLP_modelID_1_weights_balanced_optimizer_SGD_learningrate_1_l1Norm_0.0001,Small_Dropout,200.0,balanced,CrossEntropyLoss,SGD,1.0,0.0001,1910.8337724711569,5106.399455325999,0.5863,5106.399455325999,0.0,1936.8916563799808,4801.996742251442,0.5872,4801.996742251442,0.0
MLP_modelID_1_weights_normal_optimizer_Adam_learningrate_0.0003_l1Norm_0,Small_Dropout,200.0,normal,CrossEntropyLoss,Adam,0.0003,0.0,1910.8337724711569,5106.399455325999,0.5774,10815.35154816206,-1.7865231572194813,1936.8916563799808,4801.996742251442,0.9842,2237.632219240574,0.8950333220433628
MLP_modelID_1_weights_normal_optimizer_Adam_learningrate_0.0003_l1Norm_0.0001,Small_Dropout,200.0,normal,CrossEntropyLoss,Adam,0.0003,0.0001,1910.8337724711569,5106.399455325999,0.5884,10564.118677220284,-1.7079039405062355,1936.8916563799808,4801.996742251442,0.9913,2093.965575607138,0.9451769081693628
MLP_modelID_1_weights_normal_optimizer_Adam_learningrate_0.01_l1Norm_0,Small_Dropout,200.0,normal,CrossEntropyLoss,Adam,0.01,0.0,1910.8337724711569,5106.399455325999,0.546,11654.746093372689,-2.0491979473870647,1936.8916563799808,4801.996742251442,0.9233,2910.568389910104,0.6601602020353241
MLP_modelID_1_weights_normal_optimizer_Adam_learningrate_0.01_l1Norm_0.0001,Small_Dropout,200.0,normal,CrossEntropyLoss,Adam,0.01,0.0001,1910.8337724711569,5106.399455325999,0.5702,12034.775132814597,-2.168121817887014,1936.8916563799808,4801.996742251442,0.8817,4582.246913994365,0.0766986974895675
MLP_modelID_1_weights_normal_optimizer_Adam_learningrate_0.1_l1Norm_0,Small_Dropout,200.0,normal,CrossEntropyLoss,Adam,0.1,0.0,1910.8337724711569,5106.399455325999,0.5863,5106.399455325999,0.0,1936.8916563799808,4801.996742251442,0.5872,4801.996742251442,0.0
MLP_modelID_1_weights_normal_optimizer_Adam_learningrate_0.1_l1Norm_0.0001,Small_Dropout,200.0,normal,CrossEntropyLoss,Adam,0.1,0.0001,1910.8337724711569,5106.399455325999,0.5356,11882.305229407031,-2.120408856070703,1936.8916563799808,4801.996742251442,0.6933,8265.970958003489,-1.2090216979592676
MLP_modelID_1_weights_normal_optimizer_Adam_learningrate_1_l1Norm_0,Small_Dropout,200.0,normal,CrossEntropyLoss,Adam,1.0,0.0,1910.8337724711569,5106.399455325999,0.5863,5106.399455325999,0.0,1936.8916563799808,4801.996742251442,0.5872,4801.996742251442,0.0
MLP_modelID_1_weights_normal_optimizer_Adam_learningrate_1_l1Norm_0.0001,Small_Dropout,200.0,normal,CrossEntropyLoss,Adam,1.0,0.0001,1910.8337724711569,5106.399455325999,0.5863,5106.399455325999,0.0,1936.8916563799808,4801.996742251442,0.5872,4801.996742251442,0.0
MLP_modelID_1_weights_normal_optimizer_LBFGS_learningrate_0.0003_l1Norm_0,Small_Dropout,200.0,normal,CrossEntropyLoss,LBFGS,0.0003,0.0,1910.8337724711569,5106.399455325999,0.2519,28623.65644754494,-7.359340826069074,1936.8916563799808,4801.996742251442,0.2384,28871.928552931706,-8.401064215541354
MLP_modelID_1_weights_normal_optimizer_LBFGS_learningrate_0.0003_l1Norm_0.0001,Small_Dropout,200.0,normal,CrossEntropyLoss,LBFGS,0.0003,0.0001,1910.8337724711569,5106.399455325999,0.3134,28475.350992755568,-7.312931060316151,1936.8916563799808,4801.996742251442,0.3058,28712.65156983765,-8.34547219419474
MLP_modelID_1_weights_normal_optimizer_LBFGS_learningrate_0.01_l1Norm_0,Small_Dropout,200.0,normal,CrossEntropyLoss,LBFGS,0.01,0.0,1910.8337724711569,5106.399455325999,0.5058,15187.858795277702,-3.154827764624499,1936.8916563799808,4801.996742251442,0.5551,13634.107182342685,-3.082647992090955
MLP_modelID_1_weights_normal_optimizer_LBFGS_learningrate_0.01_l1Norm_0.0001,Small_Dropout,200.0,normal,CrossEntropyLoss,LBFGS,0.01,0.0001,1910.8337724711569,5106.399455325999,0.5863,5106.399455325999,0.0,1936.8916563799808,4801.996742251442,0.5872,4801.996742251442,0.0
MLP_modelID_1_weights_normal_optimizer_LBFGS_learningrate_0.1_l1Norm_0,Small_Dropout,200.0,normal,CrossEntropyLoss,LBFGS,0.1,0.0,1910.8337724711569,5106.399455325999,0.1293,32760.049680708344,-8.653757415706513,1936.8916563799808,4801.996742251442,0.1198,32654.185305917083,-9.72117522006842
MLP_modelID_1_weights_normal_optimizer_LBFGS_learningrate_0.1_l1Norm_0.0001,Small_Dropout,200.0,normal,CrossEntropyLoss,LBFGS,0.1,0.0001,1910.8337724711569,5106.399455325999,0.5001,15893.77829889992,-3.375733724220224,1936.8916563799808,4801.996742251442,0.5731,13681.356808667651,-3.0991394033686657
MLP_modelID_1_weights_normal_optimizer_LBFGS_learningrate_1_l1Norm_0,Small_Dropout,200.0,normal,CrossEntropyLoss,LBFGS,1.0,0.0,1910.8337724711569,5106.399455325999,0.5863,5106.399455325999,0.0,1936.8916563799808,4801.996742251442,0.5872,4801.996742251442,0.0
MLP_modelID_1_weights_normal_optimizer_LBFGS_learningrate_1_l1Norm_0.0001,Small_Dropout,200.0,normal,CrossEntropyLoss,LBFGS,1.0,0.0001,1910.8337724711569,5106.399455325999,0.5863,5106.399455325999,0.0,1936.8916563799808,4801.996742251442,0.5872,4801.996742251442,0.0
MLP_modelID_1_weights_normal_optimizer_SGD_learningrate_0.0003_l1Norm_0,Small_Dropout,200.0,normal,CrossEntropyLoss,SGD,0.0003,0.0,1910.8337724711569,5106.399455325999,0.5865,5115.788339146767,-0.0029380975866468,1936.8916563799808,4801.996742251442,0.5869,4821.448964846371,-0.006789357462263
MLP_modelID_1_weights_normal_optimizer_SGD_learningrate_0.0003_l1Norm_0.0001,Small_Dropout,200.0,normal,CrossEntropyLoss,SGD,0.0003,0.0001,1910.8337724711569,5106.399455325999,0.5857,5168.106772202844,-0.0193102952656936,1936.8916563799808,4801.996742251442,0.5872,4824.104752448679,-0.0077162999382662
MLP_modelID_1_weights_normal_optimizer_SGD_learningrate_0.01_l1Norm_0,Small_Dropout,200.0,normal,CrossEntropyLoss,SGD,0.01,0.0,1910.8337724711569,5106.399455325999,0.5863,5106.399455325999,0.0,1936.8916563799808,4801.996742251442,0.5872,4801.996742251442,0.0
MLP_modelID_1_weights_normal_optimizer_SGD_learningrate_0.01_l1Norm_0.0001,Small_Dropout,200.0,normal,CrossEntropyLoss,SGD,0.01,0.0001,1910.8337724711569,5106.399455325999,0.5852,5193.5964877917895,-0.0272868847395715,1936.8916563799808,4801.996742251442,0.5889,4858.147019991949,-0.0195979819439773
MLP_modelID_1_weights_normal_optimizer_SGD_learningrate_0.1_l1Norm_0,Small_Dropout,200.0,normal,CrossEntropyLoss,SGD,0.1,0.0,1910.8337724711569,5106.399455325999,0.5863,5106.399455325999,0.0,1936.8916563799808,4801.996742251442,0.5872,4801.996742251442,0.0
MLP_modelID_1_weights_normal_optimizer_SGD_learningrate_0.1_l1Norm_0.0001,Small_Dropout,200.0,normal,CrossEntropyLoss,SGD,0.1,0.0001,1910.8337724711569,5106.399455325999,0.5863,5106.399455325999,0.0,1936.8916563799808,4801.996742251442,0.5872,4801.996742251442,0.0
MLP_modelID_1_weights_normal_optimizer_SGD_learningrate_1_l1Norm_0,Small_Dropout,200.0,normal,CrossEntropyLoss,SGD,1.0,0.0,1910.8337724711569,5106.399455325999,0.5863,5106.399455325999,0.0,1936.8916563799808,4801.996742251442,0.5872,4801.996742251442,0.0
MLP_modelID_1_weights_normal_optimizer_SGD_learningrate_1_l1Norm_0.0001,Small_Dropout,200.0,normal,CrossEntropyLoss,SGD,1.0,0.0001,1910.8337724711569,5106.399455325999,0.5863,5106.399455325999,0.0,1936.8916563799808,4801.996742251442,0.5872,4801.996742251442,0.0
MLP_modelID_2_weights_balanced_optimizer_Adam_learningrate_0.0003_l1Norm_0,Small,200.0,balanced,CrossEntropyLoss,Adam,0.0003,0.0,1910.8337724711569,5106.399455325999,0.5914,7617.265162328951,-0.7857343444619183,1936.8916563799808,4801.996742251442,0.9209,2421.0217060244195,0.8310253777315872
MLP_modelID_2_weights_balanced_optimizer_Adam_learningrate_0.0003_l1Norm_0.0001,Small,200.0,balanced,CrossEntropyLoss,Adam,0.0003,0.0001,1910.8337724711569,5106.399455325999,0.6067,6897.414810839818,-0.56046895393925,1936.8916563799808,4801.996742251442,0.9358,2286.3865591037165,0.8780167246056066
MLP_modelID_2_weights_balanced_optimizer_Adam_learningrate_0.01_l1Norm_0,Small,200.0,balanced,CrossEntropyLoss,Adam,0.01,0.0,1910.8337724711569,5106.399455325999,0.5863,5106.399455325999,0.0,1936.8916563799808,4801.996742251442,0.5872,4801.996742251442,0.0
MLP_modelID_2_weights_balanced_optimizer_Adam_learningrate_0.01_l1Norm_0.0001,Small,200.0,balanced,CrossEntropyLoss,Adam,0.01,0.0001,1910.8337724711569,5106.399455325999,0.5728,5877.489476790984,-0.241300006944658,1936.8916563799808,4801.996742251442,0.6343,4500.639103716624,0.1051820542362954
MLP_modelID_2_weights_balanced_optimizer_Adam_learningrate_0.1_l1Norm_0,Small,200.0,balanced,CrossEntropyLoss,Adam,0.1,0.0,1910.8337724711569,5106.399455325999,0.5863,5106.399455325999,0.0,1936.8916563799808,4801.996742251442,0.5872,4801.996742251442,0.0
MLP_modelID_2_weights_balanced_optimizer_Adam_learningrate_0.1_l1Norm_0.0001,Small,200.0,balanced,CrossEntropyLoss,Adam,0.1,0.0001,1910.8337724711569,5106.399455325999,0.5863,5106.399455325999,0.0,1936.8916563799808,4801.996742251442,0.5872,4801.996742251442,0.0
MLP_modelID_2_weights_balanced_optimizer_Adam_learningrate_1_l1Norm_0,Small,200.0,balanced,CrossEntropyLoss,Adam,1.0,0.0,1910.8337724711569,5106.399455325999,0.5863,5106.399455325999,0.0,1936.8916563799808,4801.996742251442,0.5872,4801.996742251442,0.0
MLP_modelID_2_weights_balanced_optimizer_Adam_learningrate_1_l1Norm_0.0001,Small,200.0,balanced,CrossEntropyLoss,Adam,1.0,0.0001,1910.8337724711569,5106.399455325999,0.5863,5106.399455325999,0.0,1936.8916563799808,4801.996742251442,0.5872,4801.996742251442,0.0
MLP_modelID_2_weights_balanced_optimizer_LBFGS_learningrate_0.0003_l1Norm_0,Small,200.0,balanced,CrossEntropyLoss,LBFGS,0.0003,0.0,1910.8337724711569,5106.399455325999,0.5525,9893.699154816206,-1.4981071192419826,1936.8916563799808,4801.996742251442,0.7368,5550.275657453375,-0.2611697975379266
MLP_modelID_2_weights_balanced_optimizer_LBFGS_learningrate_0.0003_l1Norm_0.0001,Small,200.0,balanced,CrossEntropyLoss,LBFGS,0.0003,0.0001,1910.8337724711569,5106.399455325999,0.549,9920.05215991414,-1.5063538610440137,1936.8916563799808,4801.996742251442,0.7332,5670.036077418489,-0.3029694580654523
MLP_modelID_2_weights_balanced_optimizer_LBFGS_learningrate_0.01_l1Norm_0,Small,200.0,balanced,CrossEntropyLoss,LBFGS,0.01,0.0,1910.8337724711569,5106.399455325999,0.5863,5106.399455325999,0.0,1936.8916563799808,4801.996742251442,0.5872,4801.996742251442,0.0
MLP_modelID_2_weights_balanced_optimizer_LBFGS_learningrate_0.01_l1Norm_0.0001,Small,200.0,balanced,CrossEntropyLoss,LBFGS,0.01,0.0001,1910.8337724711569,5106.399455325999,0.5597,8538.170324657902,-1.0739165487176092,1936.8916563799808,4801.996742251442,0.7518,3714.2523245672887,0.3796525380685298
MLP_modelID_2_weights_balanced_optimizer_LBFGS_learningrate_0.1_l1Norm_0,Small,200.0,balanced,CrossEntropyLoss,LBFGS,0.1,0.0,1910.8337724711569,5106.399455325999,0.5868,5113.852033807352,-0.0023321625092354,1936.8916563799808,4801.996742251442,0.5878,4812.860821816718,-0.0037918607658928
MLP_modelID_2_weights_balanced_optimizer_LBFGS_learningrate_0.1_l1Norm_0.0001,Small,200.0,balanced,CrossEntropyLoss,LBFGS,0.1,0.0001,1910.8337724711569,5106.399455325999,0.583,5248.193608800643,-0.0443721605333953,1936.8916563799808,4801.996742251442,0.5874,4902.681611431638,-0.035141771824251
MLP_modelID_2_weights_balanced_optimizer_LBFGS_learningrate_1_l1Norm_0,Small,200.0,balanced,CrossEntropyLoss,LBFGS,1.0,0.0,1910.8337724711569,5106.399455325999,0.5863,5106.399455325999,0.0,1936.8916563799808,4801.996742251442,0.5872,4801.996742251442,0.0
MLP_modelID_2_weights_balanced_optimizer_LBFGS_learningrate_1_l1Norm_0.0001,Small,200.0,balanced,CrossEntropyLoss,LBFGS,1.0,0.0001,1910.8337724711569,5106.399455325999,0.5863,5106.399455325999,0.0,1936.8916563799808,4801.996742251442,0.5872,4801.996742251442,0.0
MLP_modelID_2_weights_balanced_optimizer_SGD_learningrate_0.0003_l1Norm_0,Small,200.0,balanced,CrossEntropyLoss,SGD,0.0003,0.0,1910.8337724711569,5106.399455325999,0.5863,5106.399455325999,0.0,1936.8916563799808,4801.996742251442,0.5872,4801.996742251442,0.0
MLP_modelID_2_weights_balanced_optimizer_SGD_learningrate_0.0003_l1Norm_0.0001,Small,200.0,balanced,CrossEntropyLoss,SGD,0.0003,0.0001,1910.8337724711569,5106.399455325999,0.5863,5106.399455325999,0.0,1936.8916563799808,4801.996742251442,0.5872,4801.996742251442,0.0
MLP_modelID_2_weights_balanced_optimizer_SGD_learningrate_0.01_l1Norm_0,Small,200.0,balanced,CrossEntropyLoss,SGD,0.01,0.0,1910.8337724711569,5106.399455325999,0.5863,5106.399455325999,0.0,1936.8916563799808,4801.996742251442,0.5872,4801.996742251442,0.0
MLP_modelID_2_weights_balanced_optimizer_SGD_learningrate_0.01_l1Norm_0.0001,Small,200.0,balanced,CrossEntropyLoss,SGD,0.01,0.0001,1910.8337724711569,5106.399455325999,0.5863,5106.399455325999,0.0,1936.8916563799808,4801.996742251442,0.5872,4801.996742251442,0.0
MLP_modelID_2_weights_balanced_optimizer_SGD_learningrate_0.1_l1Norm_0,Small,200.0,balanced,CrossEntropyLoss,SGD,0.1,0.0,1910.8337724711569,5106.399455325999,0.5863,5106.399455325999,0.0,1936.8916563799808,4801.996742251442,0.5872,4801.996742251442,0.0
MLP_modelID_2_weights_balanced_optimizer_SGD_learningrate_0.1_l1Norm_0.0001,Small,200.0,balanced,CrossEntropyLoss,SGD,0.1,0.0001,1910.8337724711569,5106.399455325999,0.5863,5106.399455325999,0.0,1936.8916563799808,4801.996742251442,0.5872,4801.996742251442,0.0
MLP_modelID_2_weights_balanced_optimizer_SGD_learningrate_1_l1Norm_0,Small,200.0,balanced,CrossEntropyLoss,SGD,1.0,0.0,1910.8337724711569,5106.399455325999,0.5863,5106.399455325999,0.0,1936.8916563799808,4801.996742251442,0.5872,4801.996742251442,0.0
MLP_modelID_2_weights_balanced_optimizer_SGD_learningrate_1_l1Norm_0.0001,Small,200.0,balanced,CrossEntropyLoss,SGD,1.0,0.0001,1910.8337724711569,5106.399455325999,0.5863,5106.399455325999,0.0,1936.8916563799808,4801.996742251442,0.5872,4801.996742251442,0.0
MLP_modelID_2_weights_normal_optimizer_Adam_learningrate_0.0003_l1Norm_0,Small,200.0,normal,CrossEntropyLoss,Adam,0.0003,0.0,1910.8337724711569,5106.399455325999,0.5957,9193.526007512746,-1.2789993878440344,1936.8916563799808,4801.996742251442,0.9949,2009.6940265664832,0.974589982564511
MLP_modelID_2_weights_normal_optimizer_Adam_learningrate_0.0003_l1Norm_0.0001,Small,200.0,normal,CrossEntropyLoss,Adam,0.0003,0.0001,1910.8337724711569,5106.399455325999,0.5999,9389.34308827475,-1.3402771396401,1936.8916563799808,4801.996742251442,0.9984,1954.1725862068963,0.993968483071657
MLP_modelID_2_weights_normal_optimizer_Adam_learningrate_0.01_l1Norm_0,Small,200.0,normal,CrossEntropyLoss,Adam,0.01,0.0,1910.8337724711569,5106.399455325999,0.5361,12429.047456399248,-2.2915028911348707,1936.8916563799808,4801.996742251442,0.9017,3216.8148591171343,0.5532718122456416
MLP_modelID_2_weights_normal_optimizer_Adam_learningrate_0.01_l1Norm_0.0001,Small,200.0,normal,CrossEntropyLoss,Adam,0.01,0.0001,1910.8337724711569,5106.399455325999,0.5616,10831.373933458548,-1.7915371005668057,1936.8916563799808,4801.996742251442,0.9526,2687.2534442506376,0.7381032229599971
MLP_modelID_2_weights_normal_optimizer_Adam_learningrate_0.1_l1Norm_0,Small,200.0,normal,CrossEntropyLoss,Adam,0.1,0.0,1910.8337724711569,5106.399455325999,0.5863,5106.399455325999,0.0,1936.8916563799808,4801.996742251442,0.5872,4801.996742251442,0.0
MLP_modelID_2_weights_normal_optimizer_Adam_learningrate_0.1_l1Norm_0.0001,Small,200.0,normal,CrossEntropyLoss,Adam,0.1,0.0001,1910.8337724711569,5106.399455325999,0.5299,13659.038473302924,-2.6764084568389155,1936.8916563799808,4801.996742251442,0.8503,5280.677687508386,-0.1670727358718666
MLP_modelID_2_weights_normal_optimizer_Adam_learningrate_1_l1Norm_0,Small,200.0,normal,CrossEntropyLoss,Adam,1.0,0.0,1910.8337724711569,5106.399455325999,0.5863,5106.399455325999,0.0,1936.8916563799808,4801.996742251442,0.5872,4801.996742251442,0.0
MLP_modelID_2_weights_normal_optimizer_Adam_learningrate_1_l1Norm_0.0001,Small,200.0,normal,CrossEntropyLoss,Adam,1.0,0.0001,1910.8337724711569,5106.399455325999,0.5863,5106.399455325999,0.0,1936.8916563799808,4801.996742251442,0.5872,4801.996742251442,0.0
MLP_modelID_2_weights_normal_optimizer_LBFGS_learningrate_0.0003_l1Norm_0,Small,200.0,normal,CrossEntropyLoss,LBFGS,0.0003,0.0,1910.8337724711569,5106.399455325999,0.5076,14628.279307754226,-2.9797165188986527,1936.8916563799808,4801.996742251442,0.8805,4067.4496927411774,0.2563770010155983
MLP_modelID_2_weights_normal_optimizer_LBFGS_learningrate_0.0003_l1Norm_0.0001,Small,200.0,normal,CrossEntropyLoss,LBFGS,0.0003,0.0001,1910.8337724711569,5106.399455325999,0.4773,12347.557094177622,-2.2660018154853088,1936.8916563799808,4801.996742251442,0.7013,7777.39359855092,-1.038494842989143
MLP_modelID_2_weights_normal_optimizer_LBFGS_learningrate_0.01_l1Norm_0,Small,200.0,normal,CrossEntropyLoss,LBFGS,0.01,0.0,1910.8337724711569,5106.399455325999,0.5401,12865.538202307484,-2.428095528942361,1936.8916563799808,4801.996742251442,0.9935,2006.8964698779016,0.9755664063272472
MLP_modelID_2_weights_normal_optimizer_LBFGS_learningrate_0.01_l1Norm_0.0001,Small,200.0,normal,CrossEntropyLoss,LBFGS,0.01,0.0001,1910.8337724711569,5106.399455325999,0.5296,13491.509994633754,-2.623983160257465,1936.8916563799808,4801.996742251442,0.9948,1982.7141157922983,0.9840067089900896
MLP_modelID_2_weights_normal_optimizer_LBFGS_learningrate_0.1_l1Norm_0,Small,200.0,normal,CrossEntropyLoss,LBFGS,0.1,0.0,1910.8337724711569,5106.399455325999,0.4712,17275.346756104103,-3.8080729700122,1936.8916563799808,4801.996742251442,0.4669,16791.345923118206,-4.184610623878754
MLP_modelID_2_weights_normal_optimizer_LBFGS_learningrate_0.1_l1Norm_0.0001,Small,200.0,normal,CrossEntropyLoss,LBFGS,0.1,0.0001,1910.8337724711569,5106.399455325999,0.5602,12145.917646900994,-2.20290204934422,1936.8916563799808,4801.996742251442,0.8523,5177.295987521804,-0.130989696371367
MLP_modelID_2_weights_normal_optimizer_LBFGS_learningrate_1_l1Norm_0,Small,200.0,normal,CrossEntropyLoss,LBFGS,1.0,0.0,1910.8337724711569,5106.399455325999,0.5863,5106.399455325999,0.0,1936.8916563799808,4801.996742251442,0.5872,4801.996742251442,0.0
MLP_modelID_2_weights_normal_optimizer_LBFGS_learningrate_1_l1Norm_0.0001,Small,200.0,normal,CrossEntropyLoss,LBFGS,1.0,0.0001,1910.8337724711569,5106.399455325999,0.2844,35779.44892406761,-9.598629010604167,1936.8916563799808,4801.996742251442,0.293,35351.53798403328,-10.66262504381747
MLP_modelID_2_weights_normal_optimizer_SGD_learningrate_0.0003_l1Norm_0,Small,200.0,normal,CrossEntropyLoss,SGD,0.0003,0.0,1910.8337724711569,5106.399455325999,0.586,5119.793115105984,-0.0041913267037025,1936.8916563799808,4801.996742251442,0.5872,4801.996742251442,0.0
MLP_modelID_2_weights_normal_optimizer_SGD_learningrate_0.0003_l1Norm_0.0001,Small,200.0,normal,CrossEntropyLoss,SGD,0.0003,0.0001,1910.8337724711569,5106.399455325999,0.5863,5106.399455325999,0.0,1936.8916563799808,4801.996742251442,0.5871,4808.704513618677,-0.0023411955813812
MLP_modelID_2_weights_normal_optimizer_SGD_learningrate_0.01_l1Norm_0,Small,200.0,normal,CrossEntropyLoss,SGD,0.01,0.0,1910.8337724711569,5106.399455325999,0.5855,5177.493903944192,-0.0222478445677505,1936.8916563799808,4801.996742251442,0.5904,4810.521730175768,-0.0029754538381032
MLP_modelID_2_weights_normal_optimizer_SGD_learningrate_0.01_l1Norm_0.0001,Small,200.0,normal,CrossEntropyLoss,SGD,0.01,0.0001,1910.8337724711569,5106.399455325999,0.5836,5429.552935336732,-0.1011255946778209,1936.8916563799808,4801.996742251442,0.6069,4853.564412317188,-0.0179985265880957
MLP_modelID_2_weights_normal_optimizer_SGD_learningrate_0.1_l1Norm_0,Small,200.0,normal,CrossEntropyLoss,SGD,0.1,0.0,1910.8337724711569,5106.399455325999,0.5863,5106.399455325999,0.0,1936.8916563799808,4801.996742251442,0.5872,4801.996742251442,0.0
MLP_modelID_2_weights_normal_optimizer_SGD_learningrate_0.1_l1Norm_0.0001,Small,200.0,normal,CrossEntropyLoss,SGD,0.1,0.0001,1910.8337724711569,5106.399455325999,0.5863,5106.399455325999,0.0,1936.8916563799808,4801.996742251442,0.5872,4801.996742251442,0.0
MLP_modelID_2_weights_normal_optimizer_SGD_learningrate_1_l1Norm_0,Small,200.0,normal,CrossEntropyLoss,SGD,1.0,0.0,1910.8337724711569,5106.399455325999,0.5863,5106.399455325999,0.0,1936.8916563799808,4801.996742251442,0.5872,4801.996742251442,0.0
MLP_modelID_2_weights_normal_optimizer_SGD_learningrate_1_l1Norm_0.0001,Small,200.0,normal,CrossEntropyLoss,SGD,1.0,0.0001,1910.8337724711569,5106.399455325999,0.5777,5705.887080762007,-0.1875998445760125,1936.8916563799808,4801.996742251442,0.6793,5132.938373138333,-0.1155076763218376
MLP_modelID_3_weights_balanced_optimizer_Adam_learningrate_0.0003_l1Norm_0,Large_Dropout,200.0,balanced,CrossEntropyLoss,Adam,0.0003,0.0,1910.8337724711569,5106.399455325999,0.5423,13155.370882747517,-2.518793924533185,1936.8916563799808,4801.996742251442,0.9916,2070.0226204213072,0.9535336540715984
MLP_modelID_3_weights_balanced_optimizer_Adam_learningrate_0.0003_l1Norm_0.0001,Large_Dropout,200.0,balanced,CrossEntropyLoss,Adam,0.0003,0.0001,1910.8337724711569,5106.399455325999,0.5176,14008.289189696809,-2.785700754683932,1936.8916563799808,4801.996742251442,0.9693,2388.024663893734,0.842542247494376
MLP_modelID_3_weights_balanced_optimizer_Adam_learningrate_0.01_l1Norm_0,Large_Dropout,200.0,balanced,CrossEntropyLoss,Adam,0.01,0.0,1910.8337724711569,5106.399455325999,0.5114,14074.38841695734,-2.806385426451179,1936.8916563799808,4801.996742251442,0.973,2117.806875083859,0.9368556428886272
MLP_modelID_3_weights_balanced_optimizer_Adam_learningrate_0.01_l1Norm_0.0001,Large_Dropout,200.0,balanced,CrossEntropyLoss,Adam,0.01,0.0001,1910.8337724711569,5106.399455325999,0.5863,5106.399455325999,0.0,1936.8916563799808,4801.996742251442,0.5872,4801.996742251442,0.0
MLP_modelID_3_weights_balanced_optimizer_Adam_learningrate_0.1_l1Norm_0,Large_Dropout,200.0,balanced,CrossEntropyLoss,Adam,0.1,0.0,1910.8337724711569,5106.399455325999,0.5863,5106.399455325999,0.0,1936.8916563799808,4801.996742251442,0.5872,4801.996742251442,0.0
MLP_modelID_3_weights_balanced_optimizer_Adam_learningrate_0.1_l1Norm_0.0001,Large_Dropout,200.0,balanced,CrossEntropyLoss,Adam,0.1,0.0001,1910.8337724711569,5106.399455325999,0.5863,5106.399455325999,0.0,1936.8916563799808,4801.996742251442,0.5872,4801.996742251442,0.0
MLP_modelID_3_weights_balanced_optimizer_Adam_learningrate_1_l1Norm_0,Large_Dropout,200.0,balanced,CrossEntropyLoss,Adam,1.0,0.0,1910.8337724711569,5106.399455325999,0.5863,5106.399455325999,0.0,1936.8916563799808,4801.996742251442,0.5872,4801.996742251442,0.0
MLP_modelID_3_weights_balanced_optimizer_Adam_learningrate_1_l1Norm_0.0001,Large_Dropout,200.0,balanced,CrossEntropyLoss,Adam,1.0,0.0001,1910.8337724711569,5106.399455325999,0.5863,5106.399455325999,0.0,1936.8916563799808,4801.996742251442,0.5872,4801.996742251442,0.0
MLP_modelID_3_weights_balanced_optimizer_LBFGS_learningrate_0.0003_l1Norm_0,Large_Dropout,200.0,balanced,CrossEntropyLoss,LBFGS,0.0003,0.0,1910.8337724711569,5106.399455325999,0.2549,30498.19779447277,-7.945947872510116,1936.8916563799808,4801.996742251442,0.2549,29797.730633302028,-8.724194450776242
MLP_modelID_3_weights_balanced_optimizer_LBFGS_learningrate_0.0003_l1Norm_0.0001,Large_Dropout,200.0,balanced,CrossEntropyLoss,LBFGS,0.0003,0.0001,1910.8337724711569,5106.399455325999,0.3271,29108.47262946069,-7.511056118455938,1936.8916563799808,4801.996742251442,0.3315,28693.363055816448,-8.338739975500102
MLP_modelID_3_weights_balanced_optimizer_LBFGS_learningrate_0.01_l1Norm_0,Large_Dropout,200.0,balanced,CrossEntropyLoss,LBFGS,0.01,0.0,1910.8337724711569,5106.399455325999,0.5863,5106.399455325999,0.0,1936.8916563799808,4801.996742251442,0.5872,4801.996742251442,0.0
MLP_modelID_3_weights_balanced_optimizer_LBFGS_learningrate_0.01_l1Norm_0.0001,Large_Dropout,200.0,balanced,CrossEntropyLoss,LBFGS,0.01,0.0001,1910.8337724711569,5106.399455325999,0.5863,5106.399455325999,0.0,1936.8916563799808,4801.996742251442,0.5872,4801.996742251442,0.0
MLP_modelID_3_weights_balanced_optimizer_LBFGS_learningrate_0.1_l1Norm_0,Large_Dropout,200.0,balanced,CrossEntropyLoss,LBFGS,0.1,0.0,1910.8337724711569,5106.399455325999,0.5863,5106.399455325999,0.0,1936.8916563799808,4801.996742251442,0.5872,4801.996742251442,0.0
MLP_modelID_3_weights_balanced_optimizer_LBFGS_learningrate_0.1_l1Norm_0.0001,Large_Dropout,200.0,balanced,CrossEntropyLoss,LBFGS,0.1,0.0001,1910.8337724711569,5106.399455325999,0.5863,5106.399455325999,0.0,1936.8916563799808,4801.996742251442,0.5872,4801.996742251442,0.0
MLP_modelID_3_weights_balanced_optimizer_LBFGS_learningrate_1_l1Norm_0,Large_Dropout,200.0,balanced,CrossEntropyLoss,LBFGS,1.0,0.0,1910.8337724711569,5106.399455325999,0.5863,5106.399455325999,0.0,1936.8916563799808,4801.996742251442,0.5872,4801.996742251442,0.0
MLP_modelID_3_weights_balanced_optimizer_LBFGS_learningrate_1_l1Norm_0.0001,Large_Dropout,200.0,balanced,CrossEntropyLoss,LBFGS,1.0,0.0001,1910.8337724711569,5106.399455325999,0.5863,5106.399455325999,0.0,1936.8916563799808,4801.996742251442,0.5872,4801.996742251442,0.0
MLP_modelID_3_weights_balanced_optimizer_SGD_learningrate_0.0003_l1Norm_0,Large_Dropout,200.0,balanced,CrossEntropyLoss,SGD,0.0003,0.0,1910.8337724711569,5106.399455325999,0.5828,5275.511574993292,-0.0529208711229531,1936.8916563799808,4801.996742251442,0.5837,5017.1124620958,-0.0750812669682332
MLP_modelID_3_weights_balanced_optimizer_SGD_learningrate_0.0003_l1Norm_0.0001,Large_Dropout,200.0,balanced,CrossEntropyLoss,SGD,0.0003,0.0001,1910.8337724711569,5106.399455325999,0.5863,5178.187732760934,-0.0224649669446945,1936.8916563799808,4801.996742251442,0.5849,4928.957975311956,-0.0443129411506024
MLP_modelID_3_weights_balanced_optimizer_SGD_learningrate_0.01_l1Norm_0,Large_Dropout,200.0,balanced,CrossEntropyLoss,SGD,0.01,0.0,1910.8337724711569,5106.399455325999,0.5863,5106.399455325999,0.0,1936.8916563799808,4801.996742251442,0.5872,4801.996742251442,0.0
MLP_modelID_3_weights_balanced_optimizer_SGD_learningrate_0.01_l1Norm_0.0001,Large_Dropout,200.0,balanced,CrossEntropyLoss,SGD,0.01,0.0001,1910.8337724711569,5106.399455325999,0.5863,5106.399455325999,0.0,1936.8916563799808,4801.996742251442,0.5872,4801.996742251442,0.0
MLP_modelID_3_weights_balanced_optimizer_SGD_learningrate_0.1_l1Norm_0,Large_Dropout,200.0,balanced,CrossEntropyLoss,SGD,0.1,0.0,1910.8337724711569,5106.399455325999,0.5863,5106.399455325999,0.0,1936.8916563799808,4801.996742251442,0.5872,4801.996742251442,0.0
MLP_modelID_3_weights_balanced_optimizer_SGD_learningrate_0.1_l1Norm_0.0001,Large_Dropout,200.0,balanced,CrossEntropyLoss,SGD,0.1,0.0001,1910.8337724711569,5106.399455325999,0.5863,5106.399455325999,0.0,1936.8916563799808,4801.996742251442,0.5872,4801.996742251442,0.0
MLP_modelID_3_weights_balanced_optimizer_SGD_learningrate_1_l1Norm_0,Large_Dropout,200.0,balanced,CrossEntropyLoss,SGD,1.0,0.0,1910.8337724711569,5106.399455325999,0.5863,5106.399455325999,0.0,1936.8916563799808,4801.996742251442,0.5872,4801.996742251442,0.0
MLP_modelID_3_weights_balanced_optimizer_SGD_learningrate_1_l1Norm_0.0001,Large_Dropout,200.0,balanced,CrossEntropyLoss,SGD,1.0,0.0001,1910.8337724711569,5106.399455325999,0.5863,5106.399455325999,0.0,1936.8916563799808,4801.996742251442,0.5872,4801.996742251442,0.0
MLP_modelID_3_weights_normal_optimizer_Adam_learningrate_0.0003_l1Norm_0,Large_Dropout,200.0,normal,CrossEntropyLoss,Adam,0.0003,0.0,1910.8337724711569,5106.399455325999,0.5079,15872.174767909846,-3.368973252637373,1936.8916563799808,4801.996742251442,0.9988,1958.112535891588,0.992593332923022
MLP_modelID_3_weights_normal_optimizer_Adam_learningrate_0.0003_l1Norm_0.0001,Large_Dropout,200.0,normal,CrossEntropyLoss,Adam,0.0003,0.0001,1910.8337724711569,5106.399455325999,0.5098,15642.43090957875,-3.297078670853703,1936.8916563799808,4801.996742251442,0.9844,2313.8499315711792,0.8684312568324031
MLP_modelID_3_weights_normal_optimizer_Adam_learningrate_0.01_l1Norm_0,Large_Dropout,200.0,normal,CrossEntropyLoss,Adam,0.01,0.0,1910.8337724711569,5106.399455325999,0.4795,16828.550273678564,-3.6682553205666775,1936.8916563799808,4801.996742251442,0.9909,2016.618347645244,0.9721732052138632
MLP_modelID_3_weights_normal_optimizer_Adam_learningrate_0.01_l1Norm_0.0001,Large_Dropout,200.0,normal,CrossEntropyLoss,Adam,0.01,0.0001,1910.8337724711569,5106.399455325999,0.5058,15155.7930587604,-3.144793316986841,1936.8916563799808,4801.996742251442,0.8297,4461.963866899235,0.1186807691728283
MLP_modelID_3_weights_normal_optimizer_Adam_learningrate_0.1_l1Norm_0,Large_Dropout,200.0,normal,CrossEntropyLoss,Adam,0.1,0.0,1910.8337724711569,5106.399455325999,0.5863,5106.399455325999,0.0,1936.8916563799808,4801.996742251442,0.5872,4801.996742251442,0.0
MLP_modelID_3_weights_normal_optimizer_Adam_learningrate_0.1_l1Norm_0.0001,Large_Dropout,200.0,normal,CrossEntropyLoss,Adam,0.1,0.0001,1910.8337724711569,5106.399455325999,0.5315,11794.48562919238,-2.092927148939528,1936.8916563799808,4801.996742251442,0.6748,6176.375758754864,-0.479695848951867
MLP_modelID_3_weights_normal_optimizer_Adam_learningrate_1_l1Norm_0,Large_Dropout,200.0,normal,CrossEntropyLoss,Adam,1.0,0.0,1910.8337724711569,5106.399455325999,0.5863,5106.399455325999,0.0,1936.8916563799808,4801.996742251442,0.5872,4801.996742251442,0.0
MLP_modelID_3_weights_normal_optimizer_Adam_learningrate_1_l1Norm_0.0001,Large_Dropout,200.0,normal,CrossEntropyLoss,Adam,1.0,0.0001,1910.8337724711569,5106.399455325999,0.5863,5106.399455325999,0.0,1936.8916563799808,4801.996742251442,0.5872,4801.996742251442,0.0
MLP_modelID_3_weights_normal_optimizer_LBFGS_learningrate_0.0003_l1Norm_0,Large_Dropout,200.0,normal,CrossEntropyLoss,LBFGS,0.0003,0.0,1910.8337724711569,5106.399455325999,0.2906,27010.44890796888,-6.85451391913632,1936.8916563799808,4801.996742251442,0.2961,26459.979520327382,-7.559228066320077
MLP_modelID_3_weights_normal_optimizer_LBFGS_learningrate_0.0003_l1Norm_0.0001,Large_Dropout,200.0,normal,CrossEntropyLoss,LBFGS,0.0003,0.0001,1910.8337724711569,5106.399455325999,0.3971,19191.76394419104,-4.407784375842185,1936.8916563799808,4801.996742251442,0.4035,18412.280085871465,-4.750360959092106
MLP_modelID_3_weights_normal_optimizer_LBFGS_learningrate_0.01_l1Norm_0,Large_Dropout,200.0,normal,CrossEntropyLoss,LBFGS,0.01,0.0,1910.8337724711569,5106.399455325999,0.586,5130.546627314194,-0.0075564624184543,1936.8916563799808,4801.996742251442,0.587,4840.646934120488,-0.013489973564893
MLP_modelID_3_weights_normal_optimizer_LBFGS_learningrate_0.01_l1Norm_0.0001,Large_Dropout,200.0,normal,CrossEntropyLoss,LBFGS,0.01,0.0001,1910.8337724711569,5106.399455325999,0.5863,5106.399455325999,0.0,1936.8916563799808,4801.996742251442,0.5872,4801.996742251442,0.0
MLP_modelID_3_weights_normal_optimizer_LBFGS_learningrate_0.1_l1Norm_0,Large_Dropout,200.0,normal,CrossEntropyLoss,LBFGS,0.1,0.0,1910.8337724711569,5106.399455325999,0.5863,5106.399455325999,0.0,1936.8916563799808,4801.996742251442,0.5872,4801.996742251442,0.0
MLP_modelID_3_weights_normal_optimizer_LBFGS_learningrate_0.1_l1Norm_0.0001,Large_Dropout,200.0,normal,CrossEntropyLoss,LBFGS,0.1,0.0001,1910.8337724711569,5106.399455325999,0.1293,32760.049680708344,-8.653757415706513,1936.8916563799808,4801.996742251442,0.1198,32654.185305917083,-9.72117522006842
MLP_modelID_3_weights_normal_optimizer_LBFGS_learningrate_1_l1Norm_0,Large_Dropout,200.0,normal,CrossEntropyLoss,LBFGS,1.0,0.0,1910.8337724711569,5106.399455325999,0.5863,5106.399455325999,0.0,1936.8916563799808,4801.996742251442,0.5872,4801.996742251442,0.0
MLP_modelID_3_weights_normal_optimizer_LBFGS_learningrate_1_l1Norm_0.0001,Large_Dropout,200.0,normal,CrossEntropyLoss,LBFGS,1.0,0.0001,1910.8337724711569,5106.399455325999,0.5863,5106.399455325999,0.0,1936.8916563799808,4801.996742251442,0.5872,4801.996742251442,0.0
MLP_modelID_3_weights_normal_optimizer_SGD_learningrate_0.0003_l1Norm_0,Large_Dropout,200.0,normal,CrossEntropyLoss,SGD,0.0003,0.0,1910.8337724711569,5106.399455325999,0.5645,6979.154569358733,-0.5860480740798477,1936.8916563799808,4801.996742251442,0.5668,6739.663043740776,-0.6762985103214691
MLP_modelID_3_weights_normal_optimizer_SGD_learningrate_0.0003_l1Norm_0.0001,Large_Dropout,200.0,normal,CrossEntropyLoss,SGD,0.0003,0.0001,1910.8337724711569,5106.399455325999,0.5691,6913.610158304266,-0.5655370229673227,1936.8916563799808,4801.996742251442,0.5638,6839.605863410707,-0.711181286580802
MLP_modelID_3_weights_normal_optimizer_SGD_learningrate_0.01_l1Norm_0,Large_Dropout,200.0,normal,CrossEntropyLoss,SGD,0.01,0.0,1910.8337724711569,5106.399455325999,0.5865,5106.398092299437,4.265368630518296e-07,1936.8916563799808,4801.996742251442,0.5873,4804.008512008587,-0.0007021626421541
MLP_modelID_3_weights_normal_optimizer_SGD_learningrate_0.01_l1Norm_0.0001,Large_Dropout,200.0,normal,CrossEntropyLoss,SGD,0.01,0.0001,1910.8337724711569,5106.399455325999,0.5868,5105.056377783741,0.000420294143683,1936.8916563799808,4801.996742251442,0.5873,4801.66120488394,0.0001171117140368
MLP_modelID_3_weights_normal_optimizer_SGD_learningrate_0.1_l1Norm_0,Large_Dropout,200.0,normal,CrossEntropyLoss,SGD,0.1,0.0,1910.8337724711569,5106.399455325999,0.5935,5628.634140059028,-0.1634248006651757,1936.8916563799808,4801.996742251442,0.6039,5238.378763585133,-0.152309255072562
MLP_modelID_3_weights_normal_optimizer_SGD_learningrate_0.1_l1Norm_0.0001,Large_Dropout,200.0,normal,CrossEntropyLoss,SGD,0.1,0.0001,1910.8337724711569,5106.399455325999,0.5374,14393.631290582236,-2.9062872608392905,1936.8916563799808,4801.996742251442,0.8604,5468.382861934791,-0.2325869731513388
MLP_modelID_3_weights_normal_optimizer_SGD_learningrate_1_l1Norm_0,Large_Dropout,200.0,normal,CrossEntropyLoss,SGD,1.0,0.0,1910.8337724711569,5106.399455325999,0.5863,5106.399455325999,0.0,1936.8916563799808,4801.996742251442,0.5872,4801.996742251442,0.0
MLP_modelID_3_weights_normal_optimizer_SGD_learningrate_1_l1Norm_0.0001,Large_Dropout,200.0,normal,CrossEntropyLoss,SGD,1.0,0.0001,1910.8337724711569,5106.399455325999,0.5439,12746.404545210624,-2.390814600017617,1936.8916563799808,4801.996742251442,0.8116,5974.659014490809,-0.4092911907566858
MLP_modelID_4_weights_balanced_optimizer_Adam_learningrate_0.0003_l1Norm_0,Large,200.0,balanced,CrossEntropyLoss,Adam,0.0003,0.0,1910.8337724711569,5106.399455325999,0.5085,15202.90444593507,-3.159536054846193,1936.8916563799808,4801.996742251442,1.0,1936.8916563799808,1.0
MLP_modelID_4_weights_balanced_optimizer_Adam_learningrate_0.0003_l1Norm_0.0001,Large,200.0,balanced,CrossEntropyLoss,Adam,0.0003,0.0001,1910.8337724711569,5106.399455325999,0.5254,14095.650904212504,-2.8130391739767715,1936.8916563799808,4801.996742251442,0.9999,1936.900888903797,0.9999967775967934
MLP_modelID_4_weights_balanced_optimizer_Adam_learningrate_0.01_l1Norm_0,Large,200.0,balanced,CrossEntropyLoss,Adam,0.01,0.0,1910.8337724711569,5106.399455325999,0.4972,15191.167255165012,-3.155863093018799,1936.8916563799808,4801.996742251442,0.9815,2013.327664027908,0.97332174375563
MLP_modelID_4_weights_balanced_optimizer_Adam_learningrate_0.01_l1Norm_0.0001,Large,200.0,balanced,CrossEntropyLoss,Adam,0.01,0.0001,1910.8337724711569,5106.399455325999,0.5211,11542.679554601556,-2.014128557522102,1936.8916563799808,4801.996742251442,0.8578,2958.4018958808533,0.6434650007993805
MLP_modelID_4_weights_balanced_optimizer_Adam_learningrate_0.1_l1Norm_0,Large,200.0,balanced,CrossEntropyLoss,Adam,0.1,0.0,1910.8337724711569,5106.399455325999,0.5863,5106.399455325999,0.0,1936.8916563799808,4801.996742251442,0.5872,4801.996742251442,0.0
MLP_modelID_4_weights_balanced_optimizer_Adam_learningrate_0.1_l1Norm_0.0001,Large,200.0,balanced,CrossEntropyLoss,Adam,0.1,0.0001,1910.8337724711569,5106.399455325999,0.5863,5106.399455325999,0.0,1936.8916563799808,4801.996742251442,0.5872,4801.996742251442,0.0
MLP_modelID_4_weights_balanced_optimizer_Adam_learningrate_1_l1Norm_0,Large,200.0,balanced,CrossEntropyLoss,Adam,1.0,0.0,1910.8337724711569,5106.399455325999,0.5863,5106.399455325999,0.0,1936.8916563799808,4801.996742251442,0.5872,4801.996742251442,0.0
MLP_modelID_4_weights_balanced_optimizer_Adam_learningrate_1_l1Norm_0.0001,Large,200.0,balanced,CrossEntropyLoss,Adam,1.0,0.0001,1910.8337724711569,5106.399455325999,0.5863,5106.399455325999,0.0,1936.8916563799808,4801.996742251442,0.5872,4801.996742251442,0.0
MLP_modelID_4_weights_balanced_optimizer_LBFGS_learningrate_0.0003_l1Norm_0,Large,200.0,balanced,CrossEntropyLoss,LBFGS,0.0003,0.0,1910.8337724711569,5106.399455325999,0.605,6017.010096592434,-0.2849607023107461,1936.8916563799808,4801.996742251442,0.7235,5689.664443848115,-0.3098202945413701
MLP_modelID_4_weights_balanced_optimizer_LBFGS_learningrate_0.0003_l1Norm_0.0001,Large,200.0,balanced,CrossEntropyLoss,LBFGS,0.0003,0.0001,1910.8337724711569,5106.399455325999,0.5779,7298.551749396296,-0.6859981961353021,1936.8916563799808,4801.996742251442,0.772,5699.807315175098,-0.3133604339160127
MLP_modelID_4_weights_balanced_optimizer_LBFGS_learningrate_0.01_l1Norm_0,Large,200.0,balanced,CrossEntropyLoss,LBFGS,0.01,0.0,1910.8337724711569,5106.399455325999,0.5219,14876.71101153743,-3.0574591561775897,1936.8916563799808,4801.996742251442,0.9888,2013.5512672749228,0.9732437001096508
MLP_modelID_4_weights_balanced_optimizer_LBFGS_learningrate_0.01_l1Norm_0.0001,Large,200.0,balanced,CrossEntropyLoss,LBFGS,0.01,0.0001,1910.8337724711569,5106.399455325999,0.5109,15722.7057472498,-3.322199367981523,1936.8916563799808,4801.996742251442,0.9879,2006.223694485442,0.9758012233312648
MLP_modelID_4_weights_balanced_optimizer_LBFGS_learningrate_0.1_l1Norm_0,Large,200.0,balanced,CrossEntropyLoss,LBFGS,0.1,0.0,1910.8337724711569,5106.399455325999,0.5213,14321.367257848136,-2.8836734140572267,1936.8916563799808,4801.996742251442,0.9714,2123.3532490272373,0.9349198067579636
MLP_modelID_4_weights_balanced_optimizer_LBFGS_learningrate_0.1_l1Norm_0.0001,Large,200.0,balanced,CrossEntropyLoss,LBFGS,0.1,0.0001,1910.8337724711569,5106.399455325999,0.5696,7099.55065468205,-0.6237240592643418,1936.8916563799808,4801.996742251442,0.6028,5786.003827988729,-0.3434453732917752
MLP_modelID_4_weights_balanced_optimizer_LBFGS_learningrate_1_l1Norm_0,Large,200.0,balanced,CrossEntropyLoss,LBFGS,1.0,0.0,1910.8337724711569,5106.399455325999,0.5863,5106.399455325999,0.0,1936.8916563799808,4801.996742251442,0.5872,4801.996742251442,0.0
MLP_modelID_4_weights_balanced_optimizer_LBFGS_learningrate_1_l1Norm_0.0001,Large,200.0,balanced,CrossEntropyLoss,LBFGS,1.0,0.0001,1910.8337724711569,5106.399455325999,0.4526,19341.99916018245,-4.454798028791794,1936.8916563799808,4801.996742251442,0.4631,18791.591677176977,-4.88275107391756
MLP_modelID_4_weights_balanced_optimizer_SGD_learningrate_0.0003_l1Norm_0,Large,200.0,balanced,CrossEntropyLoss,SGD,0.0003,0.0,1910.8337724711569,5106.399455325999,0.5863,5106.399455325999,0.0,1936.8916563799808,4801.996742251442,0.5872,4801.996742251442,0.0
MLP_modelID_4_weights_balanced_optimizer_SGD_learningrate_0.0003_l1Norm_0.0001,Large,200.0,balanced,CrossEntropyLoss,SGD,0.0003,0.0001,1910.8337724711569,5106.399455325999,0.5863,5106.399455325999,0.0,1936.8916563799808,4801.996742251442,0.5872,4801.996742251442,0.0
MLP_modelID_4_weights_balanced_optimizer_SGD_learningrate_0.01_l1Norm_0,Large,200.0,balanced,CrossEntropyLoss,SGD,0.01,0.0,1910.8337724711569,5106.399455325999,0.5863,5106.399455325999,0.0,1936.8916563799808,4801.996742251442,0.5872,4801.996742251442,0.0
MLP_modelID_4_weights_balanced_optimizer_SGD_learningrate_0.01_l1Norm_0.0001,Large,200.0,balanced,CrossEntropyLoss,SGD,0.01,0.0001,1910.8337724711569,5106.399455325999,0.5863,5106.399455325999,0.0,1936.8916563799808,4801.996742251442,0.5872,4801.996742251442,0.0
MLP_modelID_4_weights_balanced_optimizer_SGD_learningrate_0.1_l1Norm_0,Large,200.0,balanced,CrossEntropyLoss,SGD,0.1,0.0,1910.8337724711569,5106.399455325999,0.5863,5106.399455325999,0.0,1936.8916563799808,4801.996742251442,0.5872,4801.996742251442,0.0
MLP_modelID_4_weights_balanced_optimizer_SGD_learningrate_0.1_l1Norm_0.0001,Large,200.0,balanced,CrossEntropyLoss,SGD,0.1,0.0001,1910.8337724711569,5106.399455325999,0.5863,5106.399455325999,0.0,1936.8916563799808,4801.996742251442,0.5872,4801.996742251442,0.0
MLP_modelID_4_weights_balanced_optimizer_SGD_learningrate_1_l1Norm_0,Large,200.0,balanced,CrossEntropyLoss,SGD,1.0,0.0,1910.8337724711569,5106.399455325999,0.5863,5106.399455325999,0.0,1936.8916563799808,4801.996742251442,0.5872,4801.996742251442,0.0
MLP_modelID_4_weights_balanced_optimizer_SGD_learningrate_1_l1Norm_0.0001,Large,200.0,balanced,CrossEntropyLoss,SGD,1.0,0.0001,1910.8337724711569,5106.399455325999,0.5863,5106.399455325999,0.0,1936.8916563799808,4801.996742251442,0.5872,4801.996742251442,0.0
MLP_modelID_4_weights_normal_optimizer_Adam_learningrate_0.0003_l1Norm_0,Large,200.0,normal,CrossEntropyLoss,Adam,0.0003,0.0,1910.8337724711569,5106.399455325999,0.4924,16467.876399248726,-3.555388332300732,1936.8916563799808,4801.996742251442,1.0,1936.8916563799808,1.0
MLP_modelID_4_weights_normal_optimizer_Adam_learningrate_0.0003_l1Norm_0.0001,Large,200.0,normal,CrossEntropyLoss,Adam,0.0003,0.0001,1910.8337724711569,5106.399455325999,0.5122,15035.16251676952,-3.107043962424018,1936.8916563799808,4801.996742251442,1.0,1936.8916563799808,1.0
MLP_modelID_4_weights_normal_optimizer_Adam_learningrate_0.01_l1Norm_0,Large,200.0,normal,CrossEntropyLoss,Adam,0.01,0.0,1910.8337724711569,5106.399455325999,0.473,17018.348696002147,-3.727649631671565,1936.8916563799808,4801.996742251442,0.9944,1962.3162498322824,0.991126121838366
MLP_modelID_4_weights_normal_optimizer_Adam_learningrate_0.01_l1Norm_0.0001,Large,200.0,normal,CrossEntropyLoss,Adam,0.01,0.0001,1910.8337724711569,5106.399455325999,0.498,15263.066222162595,-3.178362698451209,1936.8916563799808,4801.996742251442,0.963,2371.3250301891853,0.8483708761847857
MLP_modelID_4_weights_normal_optimizer_Adam_learningrate_0.1_l1Norm_0,Large,200.0,normal,CrossEntropyLoss,Adam,0.1,0.0,1910.8337724711569,5106.399455325999,0.505,14897.051687684463,-3.0638244379980097,1936.8916563799808,4801.996742251442,0.8697,3830.976355158996,0.3389126604398513
MLP_modelID_4_weights_normal_optimizer_Adam_learningrate_0.1_l1Norm_0.0001,Large,200.0,normal,CrossEntropyLoss,Adam,0.1,0.0001,1910.8337724711569,5106.399455325999,0.5543,12266.828239871207,-2.240739041279306,1936.8916563799808,4801.996742251442,0.7916,5567.878690460217,-0.2673137372815843
MLP_modelID_4_weights_normal_optimizer_Adam_learningrate_1_l1Norm_0,Large,200.0,normal,CrossEntropyLoss,Adam,1.0,0.0,1910.8337724711569,5106.399455325999,0.5863,5106.399455325999,0.0,1936.8916563799808,4801.996742251442,0.5872,4801.996742251442,0.0
MLP_modelID_4_weights_normal_optimizer_Adam_learningrate_1_l1Norm_0.0001,Large,200.0,normal,CrossEntropyLoss,Adam,1.0,0.0001,1910.8337724711569,5106.399455325999,0.5863,5106.399455325999,0.0,1936.8916563799808,4801.996742251442,0.5872,4801.996742251442,0.0
MLP_modelID_4_weights_normal_optimizer_LBFGS_learningrate_0.0003_l1Norm_0,Large,200.0,normal,CrossEntropyLoss,LBFGS,0.0003,0.0,1910.8337724711569,5106.399455325999,0.5787,11260.770982023076,-1.925909881845679,1936.8916563799808,4801.996742251442,0.8446,5027.662947806253,-0.0787636749058968
MLP_modelID_4_weights_normal_optimizer_LBFGS_learningrate_0.0003_l1Norm_0.0001,Large,200.0,normal,CrossEntropyLoss,LBFGS,0.0003,0.0001,1910.8337724711569,5106.399455325999,0.5779,11005.209339951703,-1.8459360470274693,1936.8916563799808,4801.996742251442,0.845,4900.404879243258,-0.0343471300501647
MLP_modelID_4_weights_normal_optimizer_LBFGS_learningrate_0.01_l1Norm_0,Large,200.0,normal,CrossEntropyLoss,LBFGS,0.01,0.0,1910.8337724711569,5106.399455325999,0.484,16751.761341561578,-3.644225480551502,1936.8916563799808,4801.996742251442,0.9964,2011.843355024822,0.9738398081751184
MLP_modelID_4_weights_normal_optimizer_LBFGS_learningrate_0.01_l1Norm_0.0001,Large,200.0,normal,CrossEntropyLoss,LBFGS,0.01,0.0001,1910.8337724711569,5106.399455325999,0.4585,17813.64588140596,-3.9765248745341406,1936.8916563799808,4801.996742251442,0.9946,2128.839514289548,0.9330049502002182
MLP_modelID_4_weights_normal_optimizer_LBFGS_learningrate_0.1_l1Norm_0,Large,200.0,normal,CrossEntropyLoss,LBFGS,0.1,0.0,1910.8337724711569,5106.399455325999,0.4459,18274.43994097129,-4.120722836740841,1936.8916563799808,4801.996742251442,0.9928,2076.309814839662,0.9513392513429312
MLP_modelID_4_weights_normal_optimizer_LBFGS_learningrate_0.1_l1Norm_0.0001,Large,200.0,normal,CrossEntropyLoss,LBFGS,0.1,0.0001,1910.8337724711569,5106.399455325999,0.4999,15557.34767909847,-3.270453265863038,1936.8916563799808,4801.996742251442,0.992,2121.5762102509057,0.9355400418708376
MLP_modelID_4_weights_normal_optimizer_LBFGS_learningrate_1_l1Norm_0,Large,200.0,normal,CrossEntropyLoss,LBFGS,1.0,0.0,1910.8337724711569,5106.399455325999,0.5857,5130.464290313926,-0.0075306964012793,1936.8916563799808,4801.996742251442,0.5884,4789.839364014491,0.0042432573579592
MLP_modelID_4_weights_normal_optimizer_LBFGS_learningrate_1_l1Norm_0.0001,Large,200.0,normal,CrossEntropyLoss,LBFGS,1.0,0.0001,1910.8337724711569,5106.399455325999,0.5863,5106.399455325999,0.0,1936.8916563799808,4801.996742251442,0.5872,4801.996742251442,0.0
MLP_modelID_4_weights_normal_optimizer_SGD_learningrate_0.0003_l1Norm_0,Large,200.0,normal,CrossEntropyLoss,SGD,0.0003,0.0,1910.8337724711569,5106.399455325999,0.5581,8677.973294875235,-1.117665601027007,1936.8916563799808,4801.996742251442,0.5745,8024.65977123306,-1.1247974969132422
MLP_modelID_4_weights_normal_optimizer_SGD_learningrate_0.0003_l1Norm_0.0001,Large,200.0,normal,CrossEntropyLoss,SGD,0.0003,0.0001,1910.8337724711569,5106.399455325999,0.4797,14893.683107056611,-3.062770295801552,1936.8916563799808,4801.996742251442,0.5134,13445.779409633704,-3.016916450990536
MLP_modelID_4_weights_normal_optimizer_SGD_learningrate_0.01_l1Norm_0,Large,200.0,normal,CrossEntropyLoss,SGD,0.01,0.0,1910.8337724711569,5106.399455325999,0.5686,11555.13687952777,-2.0180268735520475,1936.8916563799808,4801.996742251442,0.8749,4922.870034885282,-0.042188083512153
MLP_modelID_4_weights_normal_optimizer_SGD_learningrate_0.01_l1Norm_0.0001,Large,200.0,normal,CrossEntropyLoss,SGD,0.01,0.0001,1910.8337724711569,5106.399455325999,0.5616,11818.142841427423,-2.100330286469128,1936.8916563799808,4801.996742251442,0.8765,5074.708854823561,-0.0951839825760421
MLP_modelID_4_weights_normal_optimizer_SGD_learningrate_0.1_l1Norm_0,Large,200.0,normal,CrossEntropyLoss,SGD,0.1,0.0,1910.8337724711569,5106.399455325999,0.5801,11521.760633217064,-2.007582323314893,1936.8916563799808,4801.996742251442,0.8794,6105.0677552663365,-0.4548074063463356
MLP_modelID_4_weights_normal_optimizer_SGD_learningrate_0.1_l1Norm_0.0001,Large,200.0,normal,CrossEntropyLoss,SGD,0.1,0.0001,1910.8337724711569,5106.399455325999,0.5221,14162.769221894285,-2.8340427534187125,1936.8916563799808,4801.996742251442,0.9994,1951.185852005904,0.9950109349578796
MLP_modelID_4_weights_normal_optimizer_SGD_learningrate_1_l1Norm_0,Large,200.0,normal,CrossEntropyLoss,SGD,1.0,0.0,1910.8337724711569,5106.399455325999,0.5661,11920.977877649584,-2.132510828641645,1936.8916563799808,4801.996742251442,0.8791,5552.867081712062,-0.2620742754474685
MLP_modelID_4_weights_normal_optimizer_SGD_learningrate_1_l1Norm_0.0001,Large,200.0,normal,CrossEntropyLoss,SGD,1.0,0.0001,1910.8337724711566,5106.399455325999,0.5125,14702.63266165817,-3.0029841845588736,1936.8916563799812,4801.996742251442,0.9337,3048.3986508788407,0.6120536730118646
