,model,dropout,activation,epochs,weights,criterion,optimizer,learning_rate,L1_norm,L2_norm,VBS_test,SBS_test,Accuracy_test,Score_test,Gap_test,VBS_train,SBS_train,Accuracy_train,Score_train,Gap_train
MLP_modelID_5_weights_normal_optimizer_SGD_learningrate_0.01_l1Norm_0_l2Norm_0,Very_Large_Dropout,Yes,ReLU,200.0,normal,CrossEntropyLoss,SGD,0.01,0.0,0.0,1910.8337724711569,5106.399455325999,0.586,5119.812895089884,-0.0041975165260572,1936.8916563799808,4801.996742251442,0.5872,4801.996742251442,0.0
MLP_modelID_5_weights_normal_optimizer_Adam_learningrate_0.01_l1Norm_0_l2Norm_0,Very_Large_Dropout,Yes,ReLU,200.0,normal,CrossEntropyLoss,Adam,0.01,0.0,0.0,1910.8337724711569,5106.399455325999,0.4534,17977.7926884894,-4.027891932318037,1936.8916563799808,4801.996742251442,0.986,2138.445997584865,0.929652024912176
MLP_modelID_5_weights_balanced_optimizer_SGD_learningrate_0.01_l1Norm_0_l2Norm_0,Very_Large_Dropout,Yes,ReLU,200.0,balanced,CrossEntropyLoss,SGD,0.01,0.0,0.0,1910.8337724711569,5106.399455325999,0.5863,5106.399455325999,0.0,1936.8916563799808,4801.996742251442,0.5872,4801.996742251442,0.0
MLP_modelID_5_weights_balanced_optimizer_Adam_learningrate_0.01_l1Norm_0_l2Norm_0,Very_Large_Dropout,Yes,ReLU,200.0,balanced,CrossEntropyLoss,Adam,0.01,0.0,0.0,1910.8337724711569,5106.399455325999,0.5141,14787.673080225384,-3.029596192261761,1936.8916563799808,4801.996742251442,0.9216,3717.595387092446,0.3784857178560208
MLP_modelID_6_weights_normal_optimizer_SGD_learningrate_0.01_l1Norm_0_l2Norm_0,Very_Large,No,ReLU,200.0,normal,CrossEntropyLoss,SGD,0.01,0.0,0.0,1910.8337724711569,5106.399455325999,0.5508,12294.015749932923,-2.24924692775699,1936.8916563799808,4801.996742251442,0.9947,2049.386439688716,0.9607362452904522
MLP_modelID_6_weights_normal_optimizer_Adam_learningrate_0.01_l1Norm_0_l2Norm_0,Very_Large,No,ReLU,200.0,normal,CrossEntropyLoss,Adam,0.01,0.0,0.0,1910.8337724711569,5106.399455325999,0.4526,17348.396740005366,-3.830932767353621,1936.8916563799808,4801.996742251442,0.9987,1951.2424238561653,0.9949911898356012
MLP_modelID_6_weights_balanced_optimizer_SGD_learningrate_0.01_l1Norm_0_l2Norm_0,Very_Large,No,ReLU,200.0,balanced,CrossEntropyLoss,SGD,0.01,0.0,0.0,1910.8337724711569,5106.399455325999,0.5863,5105.650236114838,0.0002344558946734,1936.8916563799808,4801.996742251442,0.623,4294.525409902052,0.1771213680265536
MLP_modelID_6_weights_balanced_optimizer_Adam_learningrate_0.01_l1Norm_0_l2Norm_0,Very_Large,No,ReLU,200.0,balanced,CrossEntropyLoss,Adam,0.01,0.0,0.0,1910.8337724711569,5106.399455325999,0.4537,18140.78766836597,-4.078898544621798,1936.8916563799808,4801.996742251442,0.9953,1951.4883060512543,0.9949053702276914
MLP_modelID_7_weights_normal_optimizer_SGD_learningrate_0.01_l1Norm_0_l2Norm_0,Very_Large_Dropout_Leaky,Yes,Leaky ReLU,200.0,normal,CrossEntropyLoss,SGD,0.01,0.0,0.0,1910.8337724711569,5106.399455325999,0.5863,5106.399455325999,0.0,1936.8916563799808,4801.996742251442,0.5873,4801.996606735543,4.729875346942691e-08
MLP_modelID_7_weights_normal_optimizer_Adam_learningrate_0.01_l1Norm_0_l2Norm_0,Very_Large_Dropout_Leaky,Yes,Leaky ReLU,200.0,normal,CrossEntropyLoss,Adam,0.01,0.0,0.0,1910.8337724711569,5106.399455325999,0.4577,17928.54780520526,-4.012481551755887,1936.8916563799808,4801.996742251442,0.9877,2125.669017845163,0.9341115401329992
MLP_modelID_7_weights_balanced_optimizer_SGD_learningrate_0.01_l1Norm_0_l2Norm_0,Very_Large_Dropout_Leaky,Yes,Leaky ReLU,200.0,balanced,CrossEntropyLoss,SGD,0.01,0.0,0.0,1910.8337724711569,5106.399455325999,0.5863,5106.399455325999,0.0,1936.8916563799808,4801.996742251442,0.5872,4801.996742251442,0.0
MLP_modelID_7_weights_balanced_optimizer_Adam_learningrate_0.01_l1Norm_0_l2Norm_0,Very_Large_Dropout_Leaky,Yes,Leaky ReLU,200.0,balanced,CrossEntropyLoss,Adam,0.01,0.0,0.0,1910.8337724711569,5106.399455325999,0.498,14222.543243895896,-2.852748055682508,1936.8916563799808,4801.996742251442,0.9542,2248.9000020126123,0.8911005578220426
MLP_modelID_8_weights_normal_optimizer_SGD_learningrate_0.01_l1Norm_0_l2Norm_0,Very_Large_Leaky,No,Leaky ReLU,200.0,normal,CrossEntropyLoss,SGD,0.01,0.0,0.0,1910.8337724711569,5106.399455325999,0.5436,12785.296672927288,-2.40298525509923,1936.8916563799808,4801.996742251442,0.9978,1991.16676573192,0.981056503086193
MLP_modelID_8_weights_normal_optimizer_Adam_learningrate_0.01_l1Norm_0_l2Norm_0,Very_Large_Leaky,No,Leaky ReLU,200.0,normal,CrossEntropyLoss,Adam,0.01,0.0,0.0,1910.8337724711569,5106.399455325999,0.4559,17570.20133351221,-3.900342886099386,1936.8916563799808,4801.996742251442,0.9995,1937.3890500469608,0.9998263960126864
MLP_modelID_8_weights_balanced_optimizer_SGD_learningrate_0.01_l1Norm_0_l2Norm_0,Very_Large_Leaky,No,Leaky ReLU,200.0,balanced,CrossEntropyLoss,SGD,0.01,0.0,0.0,1910.8337724711569,5106.399455325999,0.5865,5105.057724711564,0.0004198726446568,1936.8916563799808,4801.996742251442,0.6002,4748.737471487992,0.0185889414758588
MLP_modelID_8_weights_balanced_optimizer_Adam_learningrate_0.01_l1Norm_0_l2Norm_0,Very_Large_Leaky,No,Leaky ReLU,200.0,balanced,CrossEntropyLoss,Adam,0.01,0.0,0.0,1910.8337724711569,5106.399455325999,0.4451,17824.976356318755,-3.980070561288004,1936.8916563799808,4801.996742251442,0.9934,1958.9437105863408,0.9923032302322508
MLP_modelID_5_weights_normal_optimizer_SGD_learningrate_0.01_l1Norm_0_l2Norm_0.0001,Very_Large_Dropout,Yes,ReLU,200.0,normal,CrossEntropyLoss,SGD,0.01,0.0,0.0001,1910.8337724711569,5106.399455325999,0.5863,5106.399455325999,0.0,1936.8916563799808,4801.996742251442,0.5872,4801.996742251442,0.0
MLP_modelID_5_weights_normal_optimizer_Adam_learningrate_0.01_l1Norm_0_l2Norm_0.0001,Very_Large_Dropout,Yes,ReLU,200.0,normal,CrossEntropyLoss,Adam,0.01,0.0,0.0001,1910.8337724711569,5106.399455325999,0.4604,17549.272624094447,-3.8937935888872985,1936.8916563799808,4801.996742251442,0.9863,2122.495137528512,0.935219311129708
MLP_modelID_5_weights_balanced_optimizer_SGD_learningrate_0.01_l1Norm_0_l2Norm_0.0001,Very_Large_Dropout,Yes,ReLU,200.0,balanced,CrossEntropyLoss,SGD,0.01,0.0,0.0001,1910.8337724711569,5106.399455325999,0.5863,5106.399455325999,0.0,1936.8916563799808,4801.996742251442,0.5872,4801.996742251442,0.0
MLP_modelID_5_weights_balanced_optimizer_Adam_learningrate_0.01_l1Norm_0_l2Norm_0.0001,Very_Large_Dropout,Yes,ReLU,200.0,balanced,CrossEntropyLoss,Adam,0.01,0.0,0.0001,1910.8337724711569,5106.399455325999,0.553,12323.782299436543,-2.2585618824341323,1936.8916563799808,4801.996742251442,0.84,6946.099743727358,-0.7483505620959652
MLP_modelID_6_weights_normal_optimizer_SGD_learningrate_0.01_l1Norm_0_l2Norm_0.0001,Very_Large,No,ReLU,200.0,normal,CrossEntropyLoss,SGD,0.01,0.0,0.0001,1910.8337724711569,5106.399455325999,0.5321,13481.360778105716,-2.620807128989358,1936.8916563799808,4801.996742251442,0.998,2003.0380363611969,0.9769131051048008
MLP_modelID_6_weights_normal_optimizer_Adam_learningrate_0.01_l1Norm_0_l2Norm_0.0001,Very_Large,No,ReLU,200.0,normal,CrossEntropyLoss,Adam,0.01,0.0,0.0001,1910.8337724711569,5106.399455325999,0.4529,17566.074070297826,-3.8990513265997553,1936.8916563799808,4801.996742251442,0.9991,1939.889023883,0.9989538368006816
MLP_modelID_6_weights_balanced_optimizer_SGD_learningrate_0.01_l1Norm_0_l2Norm_0.0001,Very_Large,No,ReLU,200.0,balanced,CrossEntropyLoss,SGD,0.01,0.0,0.0001,1910.8337724711569,5106.399455325999,0.5873,5300.099581432788,-0.0606152854707533,1936.8916563799808,4801.996742251442,0.6915,4238.98439688716,0.1965066999254702
MLP_modelID_6_weights_balanced_optimizer_Adam_learningrate_0.01_l1Norm_0_l2Norm_0.0001,Very_Large,No,ReLU,200.0,balanced,CrossEntropyLoss,Adam,0.01,0.0,0.0001,1910.8337724711569,5106.399455325999,0.4591,18075.089825596995,-4.058339479564405,1936.8916563799808,4801.996742251442,0.9955,1957.7893579766533,0.9927061308502352
MLP_modelID_7_weights_normal_optimizer_SGD_learningrate_0.01_l1Norm_0_l2Norm_0.0001,Very_Large_Dropout_Leaky,Yes,Leaky ReLU,200.0,normal,CrossEntropyLoss,SGD,0.01,0.0,0.0001,1910.8337724711569,5106.399455325999,0.5863,5106.399455325999,0.0,1936.8916563799808,4801.996742251442,0.5873,4801.325548101436,0.0002342651071739
MLP_modelID_7_weights_normal_optimizer_Adam_learningrate_0.01_l1Norm_0_l2Norm_0.0001,Very_Large_Dropout_Leaky,Yes,Leaky ReLU,200.0,normal,CrossEntropyLoss,Adam,0.01,0.0,0.0001,1910.8337724711569,5106.399455325999,0.4677,17445.264652535552,-3.861245995790737,1936.8916563799808,4801.996742251442,0.9886,2093.4102582852543,0.9453707290957304
MLP_modelID_7_weights_balanced_optimizer_SGD_learningrate_0.01_l1Norm_0_l2Norm_0.0001,Very_Large_Dropout_Leaky,Yes,Leaky ReLU,200.0,balanced,CrossEntropyLoss,SGD,0.01,0.0,0.0001,1910.8337724711569,5106.399455325999,0.5863,5106.399455325999,0.0,1936.8916563799808,4801.996742251442,0.5872,4801.996742251442,0.0
MLP_modelID_7_weights_balanced_optimizer_Adam_learningrate_0.01_l1Norm_0_l2Norm_0.0001,Very_Large_Dropout_Leaky,Yes,Leaky ReLU,200.0,balanced,CrossEntropyLoss,Adam,0.01,0.0,0.0001,1910.8337724711569,5106.399455325999,0.5052,13937.844437885698,-2.763656222102716,1936.8916563799808,4801.996742251442,0.9582,2220.870485710452,0.9008836252705562
MLP_modelID_8_weights_normal_optimizer_SGD_learningrate_0.01_l1Norm_0_l2Norm_0.0001,Very_Large_Leaky,No,Leaky ReLU,200.0,normal,CrossEntropyLoss,SGD,0.01,0.0,0.0001,1910.8337724711569,5106.399455325999,0.5283,13288.15450496378,-2.5603463867243668,1936.8916563799808,4801.996742251442,0.9977,2016.025160338119,0.9723802438003532
MLP_modelID_8_weights_normal_optimizer_Adam_learningrate_0.01_l1Norm_0_l2Norm_0.0001,Very_Large_Leaky,No,Leaky ReLU,200.0,normal,CrossEntropyLoss,Adam,0.01,0.0,0.0001,1910.8337724711569,5106.399455325999,0.4516,17403.870445398446,-3.848292355889296,1936.8916563799808,4801.996742251442,0.9983,1944.6944666577217,0.997276605903142
MLP_modelID_8_weights_balanced_optimizer_SGD_learningrate_0.01_l1Norm_0_l2Norm_0.0001,Very_Large_Leaky,No,Leaky ReLU,200.0,balanced,CrossEntropyLoss,SGD,0.01,0.0,0.0001,1910.8337724711569,5106.399455325999,0.6069,5107.795473571237,-0.0004368610705542,1936.8916563799808,4801.996742251442,0.6728,4652.4095807057565,0.0522100087299891
MLP_modelID_8_weights_balanced_optimizer_Adam_learningrate_0.01_l1Norm_0_l2Norm_0.0001,Very_Large_Leaky,No,Leaky ReLU,200.0,balanced,CrossEntropyLoss,Adam,0.01,0.0,0.0001,1910.8337724711569,5106.399455325999,0.4583,16928.22204185672,-3.699445969756874,1936.8916563799808,4801.996742251442,0.9911,1983.2565181805985,0.9838173957286056
MLP_modelID_5_weights_normal_optimizer_SGD_learningrate_0.01_l1Norm_0_l2Norm_0.01,Very_Large_Dropout,Yes,ReLU,200.0,normal,CrossEntropyLoss,SGD,0.01,0.0,0.01,1910.8337724711569,5106.399455325999,0.5863,5106.399455325999,0.0,1936.8916563799808,4801.996742251442,0.5872,4805.012462766672,-0.001052568902307
MLP_modelID_5_weights_normal_optimizer_Adam_learningrate_0.01_l1Norm_0_l2Norm_0.01,Very_Large_Dropout,Yes,ReLU,200.0,normal,CrossEntropyLoss,Adam,0.01,0.0,0.01,1910.8337724711569,5106.399455325999,0.4674,17442.079651193988,-3.860249301728508,1936.8916563799808,4801.996742251442,0.9881,2112.660744666577,0.9386517830869952
MLP_modelID_5_weights_balanced_optimizer_SGD_learningrate_0.01_l1Norm_0_l2Norm_0.01,Very_Large_Dropout,Yes,ReLU,200.0,balanced,CrossEntropyLoss,SGD,0.01,0.0,0.01,1910.8337724711569,5106.399455325999,0.5863,5106.399455325999,0.0,1936.8916563799808,4801.996742251442,0.5872,4801.996742251442,0.0
MLP_modelID_5_weights_balanced_optimizer_Adam_learningrate_0.01_l1Norm_0_l2Norm_0.01,Very_Large_Dropout,Yes,ReLU,200.0,balanced,CrossEntropyLoss,Adam,0.01,0.0,0.01,1910.8337724711569,5106.399455325999,0.5149,13954.626866112154,-2.7689080084504343,1936.8916563799808,4801.996742251442,0.9656,2221.2449657855896,0.9007529214869554
MLP_modelID_6_weights_normal_optimizer_SGD_learningrate_0.01_l1Norm_0_l2Norm_0.01,Very_Large,No,ReLU,200.0,normal,CrossEntropyLoss,SGD,0.01,0.0,0.01,1910.8337724711569,5106.399455325999,0.5296,13147.801676951973,-2.5164252654140333,1936.8916563799808,4801.996742251442,0.9981,1986.250970079163,0.9827722501549472
MLP_modelID_6_weights_normal_optimizer_Adam_learningrate_0.01_l1Norm_0_l2Norm_0.01,Very_Large,No,ReLU,200.0,normal,CrossEntropyLoss,Adam,0.01,0.0,0.01,1910.8337724711569,5106.399455325999,0.4559,17525.83087738127,-3.886457877767685,1936.8916563799808,4801.996742251442,0.9989,1942.860634643768,0.9979166634085356
MLP_modelID_6_weights_balanced_optimizer_SGD_learningrate_0.01_l1Norm_0_l2Norm_0.01,Very_Large,No,ReLU,200.0,balanced,CrossEntropyLoss,SGD,0.01,0.0,0.01,1910.8337724711569,5106.399455325999,0.6037,5303.401862087469,-0.0616486801752962,1936.8916563799808,4801.996742251442,0.7009,5063.282600966054,-0.0911959076136776
MLP_modelID_6_weights_balanced_optimizer_Adam_learningrate_0.01_l1Norm_0_l2Norm_0.01,Very_Large,No,ReLU,200.0,balanced,CrossEntropyLoss,Adam,0.01,0.0,0.01,1910.8337724711569,5106.399455325999,0.4494,18201.682409444595,-4.097954557585429,1936.8916563799808,4801.996742251442,0.9928,1962.7426472561383,0.990977297480768
MLP_modelID_7_weights_normal_optimizer_SGD_learningrate_0.01_l1Norm_0_l2Norm_0.01,Very_Large_Dropout_Leaky,Yes,Leaky ReLU,200.0,normal,CrossEntropyLoss,SGD,0.01,0.0,0.01,1910.8337724711569,5106.399455325999,0.5863,5106.399455325999,0.0,1936.8916563799808,4801.996742251442,0.5872,4801.996742251442,0.0
MLP_modelID_7_weights_normal_optimizer_Adam_learningrate_0.01_l1Norm_0_l2Norm_0.01,Very_Large_Dropout_Leaky,Yes,Leaky ReLU,200.0,normal,CrossEntropyLoss,Adam,0.01,0.0,0.01,1910.8337724711569,5106.399455325999,0.4639,17116.098288167424,-3.7582387673259294,1936.8916563799808,4801.996742251442,0.9873,2112.563043740776,0.9386858833810064
MLP_modelID_7_weights_balanced_optimizer_SGD_learningrate_0.01_l1Norm_0_l2Norm_0.01,Very_Large_Dropout_Leaky,Yes,Leaky ReLU,200.0,balanced,CrossEntropyLoss,SGD,0.01,0.0,0.01,1910.8337724711569,5106.399455325999,0.5863,5106.399455325999,0.0,1936.8916563799808,4801.996742251442,0.5872,4801.996742251442,0.0
MLP_modelID_7_weights_balanced_optimizer_Adam_learningrate_0.01_l1Norm_0_l2Norm_0.01,Very_Large_Dropout_Leaky,Yes,Leaky ReLU,200.0,balanced,CrossEntropyLoss,Adam,0.01,0.0,0.01,1910.8337724711569,5106.399455325999,0.5052,14150.997367856186,-2.830358944288686,1936.8916563799808,4801.996742251442,0.9661,2242.737838454314,0.8932513213625093
MLP_modelID_8_weights_normal_optimizer_SGD_learningrate_0.01_l1Norm_0_l2Norm_0.01,Very_Large_Leaky,No,Leaky ReLU,200.0,normal,CrossEntropyLoss,SGD,0.01,0.0,0.01,1910.8337724711569,5106.399455325999,0.528,12979.106477059298,-2.4636348625136097,1936.8916563799808,4801.996742251442,0.9915,2180.753647524487,0.9148854984946104
MLP_modelID_8_weights_normal_optimizer_Adam_learningrate_0.01_l1Norm_0_l2Norm_0.01,Very_Large_Leaky,No,Leaky ReLU,200.0,normal,CrossEntropyLoss,Adam,0.01,0.0,0.01,1910.8337724711569,5106.399455325999,0.4585,17754.03416152401,-3.957870362063381,1936.8916563799808,4801.996742251442,0.999,1943.3904273446933,0.9977317512726638
MLP_modelID_8_weights_balanced_optimizer_SGD_learningrate_0.01_l1Norm_0_l2Norm_0.01,Very_Large_Leaky,No,Leaky ReLU,200.0,balanced,CrossEntropyLoss,SGD,0.01,0.0,0.01,1910.8337724711569,5106.399455325999,0.5879,5099.412339683391,0.0021865035289669,1936.8916563799808,4801.996742251442,0.6469,4223.34624781967,0.2019648414591284
MLP_modelID_8_weights_balanced_optimizer_Adam_learningrate_0.01_l1Norm_0_l2Norm_0.01,Very_Large_Leaky,No,Leaky ReLU,200.0,balanced,CrossEntropyLoss,Adam,0.01,0.0,0.01,1910.8337724711569,5106.399455325999,0.4846,17000.924215186475,-3.722196925470232,1936.8916563799808,4801.996742251442,0.9912,1980.6116020394472,0.984740543767466
MLP_modelID_5_weights_normal_optimizer_SGD_learningrate_0.01_l1Norm_0.001_l2Norm_0,Very_Large_Dropout,Yes,ReLU,200.0,normal,CrossEntropyLoss,SGD,0.01,0.001,0.0,1910.8337724711569,5106.399455325999,0.5863,5106.399455325999,0.0,1936.8916563799808,4801.996742251442,0.5872,4804.680012075674,-0.0009365345227525
MLP_modelID_5_weights_normal_optimizer_Adam_learningrate_0.01_l1Norm_0.001_l2Norm_0,Very_Large_Dropout,Yes,ReLU,200.0,normal,CrossEntropyLoss,Adam,0.01,0.001,0.0,1910.8337724711569,5106.399455325999,0.5592,9583.698838207674,-1.4010975918610322,1936.8916563799808,4801.996742251442,0.6657,6067.378314772575,-0.4416527612760319
MLP_modelID_5_weights_balanced_optimizer_SGD_learningrate_0.01_l1Norm_0.001_l2Norm_0,Very_Large_Dropout,Yes,ReLU,200.0,balanced,CrossEntropyLoss,SGD,0.01,0.001,0.0,1910.8337724711569,5106.399455325999,0.5863,5106.399455325999,0.0,1936.8916563799808,4801.996742251442,0.5872,4801.996742251442,0.0
MLP_modelID_5_weights_balanced_optimizer_Adam_learningrate_0.01_l1Norm_0.001_l2Norm_0,Very_Large_Dropout,Yes,ReLU,200.0,balanced,CrossEntropyLoss,Adam,0.01,0.001,0.0,1910.8337724711569,5106.399455325999,0.5863,5106.399455325999,0.0,1936.8916563799808,4801.996742251442,0.5872,4801.996742251442,0.0
MLP_modelID_6_weights_normal_optimizer_SGD_learningrate_0.01_l1Norm_0.001_l2Norm_0,Very_Large,No,ReLU,200.0,normal,CrossEntropyLoss,SGD,0.01,0.001,0.0,1910.8337724711569,5106.399455325999,0.5173,14628.860332707272,-2.979898341151959,1936.8916563799808,4801.996742251442,1.0,1936.8916563799808,1.0
MLP_modelID_6_weights_normal_optimizer_Adam_learningrate_0.01_l1Norm_0.001_l2Norm_0,Very_Large,No,ReLU,200.0,normal,CrossEntropyLoss,Adam,0.01,0.001,0.0,1910.8337724711569,5106.399455325999,0.5742,9265.60027367856,-1.3015538502831934,1936.8916563799808,4801.996742251442,0.7172,5478.84774251979,-0.2362395025599817
MLP_modelID_6_weights_balanced_optimizer_SGD_learningrate_0.01_l1Norm_0.001_l2Norm_0,Very_Large,No,ReLU,200.0,balanced,CrossEntropyLoss,SGD,0.01,0.001,0.0,1910.8337724711569,5106.399455325999,0.6093,5882.049887308827,-0.2427271128064814,1936.8916563799808,4801.996742251442,0.8454,4334.910396484636,0.163025903681552
MLP_modelID_6_weights_balanced_optimizer_Adam_learningrate_0.01_l1Norm_0.001_l2Norm_0,Very_Large,No,ReLU,200.0,balanced,CrossEntropyLoss,Adam,0.01,0.001,0.0,1910.8337724711569,5106.399455325999,0.5863,5106.399455325999,0.0,1936.8916563799808,4801.996742251442,0.5872,4801.996742251442,0.0
MLP_modelID_7_weights_normal_optimizer_SGD_learningrate_0.01_l1Norm_0.001_l2Norm_0,Very_Large_Dropout_Leaky,Yes,Leaky ReLU,200.0,normal,CrossEntropyLoss,SGD,0.01,0.001,0.0,1910.8337724711569,5106.399455325999,0.5863,5106.399455325999,0.0,1936.8916563799808,4801.996742251442,0.5873,4801.661079431103,0.0001171555005066
MLP_modelID_7_weights_normal_optimizer_Adam_learningrate_0.01_l1Norm_0.001_l2Norm_0,Very_Large_Dropout_Leaky,Yes,Leaky ReLU,200.0,normal,CrossEntropyLoss,Adam,0.01,0.001,0.0,1910.8337724711569,5106.399455325999,0.5621,9278.009216528038,-1.3054370259337689,1936.8916563799808,4801.996742251442,0.6693,5699.850414598149,-0.3133754767928913
MLP_modelID_7_weights_balanced_optimizer_SGD_learningrate_0.01_l1Norm_0.001_l2Norm_0,Very_Large_Dropout_Leaky,Yes,Leaky ReLU,200.0,balanced,CrossEntropyLoss,SGD,0.01,0.001,0.0,1910.8337724711569,5106.399455325999,0.5863,5106.399455325999,0.0,1936.8916563799808,4801.996742251442,0.5872,4801.996742251442,0.0
MLP_modelID_7_weights_balanced_optimizer_Adam_learningrate_0.01_l1Norm_0.001_l2Norm_0,Very_Large_Dropout_Leaky,Yes,Leaky ReLU,200.0,balanced,CrossEntropyLoss,Adam,0.01,0.001,0.0,1910.8337724711569,5106.399455325999,0.5863,5106.399455325999,0.0,1936.8916563799808,4801.996742251442,0.5872,4801.996742251442,0.0
MLP_modelID_8_weights_normal_optimizer_SGD_learningrate_0.01_l1Norm_0.001_l2Norm_0,Very_Large_Leaky,No,Leaky ReLU,200.0,normal,CrossEntropyLoss,SGD,0.01,0.001,0.0,1910.8337724711569,5106.399455325999,0.5213,14464.467751542796,-2.928454372390344,1936.8916563799808,4801.996742251442,1.0,1936.8916563799808,1.0
MLP_modelID_8_weights_normal_optimizer_Adam_learningrate_0.01_l1Norm_0.001_l2Norm_0,Very_Large_Leaky,No,Leaky ReLU,200.0,normal,CrossEntropyLoss,Adam,0.01,0.001,0.0,1910.8337724711569,5106.399455325999,0.5605,9787.788865038909,-1.4649642267814895,1936.8916563799808,4801.996742251442,0.7184,5491.210381054609,-0.2405544013732163
MLP_modelID_8_weights_balanced_optimizer_SGD_learningrate_0.01_l1Norm_0.001_l2Norm_0,Very_Large_Leaky,No,Leaky ReLU,200.0,balanced,CrossEntropyLoss,SGD,0.01,0.001,0.0,1910.8337724711569,5106.399455325999,0.6002,5165.528677220284,-0.0185035226193381,1936.8916563799808,4801.996742251442,0.6619,4172.329044009124,0.2197712402757456
MLP_modelID_8_weights_balanced_optimizer_Adam_learningrate_0.01_l1Norm_0.001_l2Norm_0,Very_Large_Leaky,No,Leaky ReLU,200.0,balanced,CrossEntropyLoss,Adam,0.01,0.001,0.0,1910.8337724711569,5106.399455325999,0.5863,5106.399455325999,0.0,1936.8916563799808,4801.996742251442,0.5872,4801.996742251442,0.0
MLP_modelID_5_weights_normal_optimizer_SGD_learningrate_0.01_l1Norm_0.001_l2Norm_0.0001,Very_Large_Dropout,Yes,ReLU,200.0,normal,CrossEntropyLoss,SGD,0.01,0.001,0.0001,1910.8337724711569,5106.399455325999,0.5863,5106.399455325999,0.0,1936.8916563799808,4801.996742251442,0.5872,4801.996742251442,0.0
MLP_modelID_5_weights_normal_optimizer_Adam_learningrate_0.01_l1Norm_0.001_l2Norm_0.0001,Very_Large_Dropout,Yes,ReLU,200.0,normal,CrossEntropyLoss,Adam,0.01,0.001,0.0001,1910.8337724711569,5106.399455325999,0.5474,9632.14957606654,-1.416259457604809,1936.8916563799808,4801.996742251442,0.659,5845.6120535354885,-0.364250273552049
MLP_modelID_5_weights_balanced_optimizer_SGD_learningrate_0.01_l1Norm_0.001_l2Norm_0.0001,Very_Large_Dropout,Yes,ReLU,200.0,balanced,CrossEntropyLoss,SGD,0.01,0.001,0.0001,1910.8337724711569,5106.399455325999,0.5863,5106.399455325999,0.0,1936.8916563799808,4801.996742251442,0.5872,4801.996742251442,0.0
MLP_modelID_5_weights_balanced_optimizer_Adam_learningrate_0.01_l1Norm_0.001_l2Norm_0.0001,Very_Large_Dropout,Yes,ReLU,200.0,balanced,CrossEntropyLoss,Adam,0.01,0.001,0.0001,1910.8337724711569,5106.399455325999,0.5863,5106.399455325999,0.0,1936.8916563799808,4801.996742251442,0.5872,4801.996742251442,0.0
MLP_modelID_6_weights_normal_optimizer_SGD_learningrate_0.01_l1Norm_0.001_l2Norm_0.0001,Very_Large,No,ReLU,200.0,normal,CrossEntropyLoss,SGD,0.01,0.001,0.0001,1910.8337724711569,5106.399455325999,0.5181,14996.621808425003,-3.0949832782855884,1936.8916563799808,4801.996742251442,1.0,1936.8916563799808,1.0
MLP_modelID_6_weights_normal_optimizer_Adam_learningrate_0.01_l1Norm_0.001_l2Norm_0.0001,Very_Large,No,ReLU,200.0,normal,CrossEntropyLoss,Adam,0.01,0.001,0.0001,1910.8337724711569,5106.399455325999,0.5629,11167.99491548162,-1.8968771296668625,1936.8916563799808,4801.996742251442,0.7669,5786.862068965517,-0.343744922854903
MLP_modelID_6_weights_balanced_optimizer_SGD_learningrate_0.01_l1Norm_0.001_l2Norm_0.0001,Very_Large,No,ReLU,200.0,balanced,CrossEntropyLoss,SGD,0.01,0.001,0.0001,1910.8337724711569,5106.399455325999,0.6112,6000.688374027368,-0.2798530862624711,1936.8916563799808,4801.996742251442,0.8578,3950.039264725614,0.2973564501096453
MLP_modelID_6_weights_balanced_optimizer_Adam_learningrate_0.01_l1Norm_0.001_l2Norm_0.0001,Very_Large,No,ReLU,200.0,balanced,CrossEntropyLoss,Adam,0.01,0.001,0.0001,1910.8337724711569,5106.399455325999,0.5863,5106.399455325999,0.0,1936.8916563799808,4801.996742251442,0.5872,4801.996742251442,0.0
MLP_modelID_7_weights_normal_optimizer_SGD_learningrate_0.01_l1Norm_0.001_l2Norm_0.0001,Very_Large_Dropout_Leaky,Yes,Leaky ReLU,200.0,normal,CrossEntropyLoss,SGD,0.01,0.001,0.0001,1910.8337724711569,5106.399455325999,0.5863,5106.399455325999,0.0,1936.8916563799808,4801.996742251442,0.5873,4801.996644975178,3.395207526235566e-08
MLP_modelID_7_weights_normal_optimizer_Adam_learningrate_0.01_l1Norm_0.001_l2Norm_0.0001,Very_Large_Dropout_Leaky,Yes,Leaky ReLU,200.0,normal,CrossEntropyLoss,Adam,0.01,0.001,0.0001,1910.8337724711569,5106.399455325999,0.5551,9106.045009390931,-1.2516236406981762,1936.8916563799808,4801.996742251442,0.646,5869.438596538306,-0.3725663884199861
MLP_modelID_7_weights_balanced_optimizer_SGD_learningrate_0.01_l1Norm_0.001_l2Norm_0.0001,Very_Large_Dropout_Leaky,Yes,Leaky ReLU,200.0,balanced,CrossEntropyLoss,SGD,0.01,0.001,0.0001,1910.8337724711569,5106.399455325999,0.5863,5106.399455325999,0.0,1936.8916563799808,4801.996742251442,0.5872,4801.996742251442,0.0
MLP_modelID_7_weights_balanced_optimizer_Adam_learningrate_0.01_l1Norm_0.001_l2Norm_0.0001,Very_Large_Dropout_Leaky,Yes,Leaky ReLU,200.0,balanced,CrossEntropyLoss,Adam,0.01,0.001,0.0001,1910.8337724711569,5106.399455325999,0.5863,5106.399455325999,0.0,1936.8916563799808,4801.996742251442,0.5872,4801.996742251442,0.0
MLP_modelID_8_weights_normal_optimizer_SGD_learningrate_0.01_l1Norm_0.001_l2Norm_0.0001,Very_Large_Leaky,No,Leaky ReLU,200.0,normal,CrossEntropyLoss,SGD,0.01,0.001,0.0001,1910.8337724711569,5106.399455325999,0.5144,14911.70412396029,-3.0684096782121104,1936.8916563799808,4801.996742251442,1.0,1936.8916563799808,1.0
MLP_modelID_8_weights_normal_optimizer_Adam_learningrate_0.01_l1Norm_0.001_l2Norm_0.0001,Very_Large_Leaky,No,Leaky ReLU,200.0,normal,CrossEntropyLoss,Adam,0.01,0.001,0.0001,1910.8337724711569,5106.399455325999,0.5525,12076.559495572848,-2.181197550607025,1936.8916563799808,4801.996742251442,0.8071,5293.986807325909,-0.1717179825272696
MLP_modelID_8_weights_balanced_optimizer_SGD_learningrate_0.01_l1Norm_0.001_l2Norm_0.0001,Very_Large_Leaky,No,Leaky ReLU,200.0,balanced,CrossEntropyLoss,SGD,0.01,0.001,0.0001,1910.8337724711569,5106.399455325999,0.5804,5735.513616850013,-0.1968709843454001,1936.8916563799808,4801.996742251442,0.7064,3259.523434187576,0.5383653519970986
MLP_modelID_8_weights_balanced_optimizer_Adam_learningrate_0.01_l1Norm_0.001_l2Norm_0.0001,Very_Large_Leaky,No,Leaky ReLU,200.0,balanced,CrossEntropyLoss,Adam,0.01,0.001,0.0001,1910.8337724711569,5106.399455325999,0.5863,5106.399455325999,0.0,1936.8916563799808,4801.996742251442,0.5872,4801.996742251442,0.0
MLP_modelID_5_weights_normal_optimizer_SGD_learningrate_0.01_l1Norm_0.001_l2Norm_0.01,Very_Large_Dropout,Yes,ReLU,200.0,normal,CrossEntropyLoss,SGD,0.01,0.001,0.01,1910.8337724711569,5106.399455325999,0.5863,5106.399455325999,0.0,1936.8916563799808,4801.996742251442,0.5872,4801.996742251442,0.0
MLP_modelID_5_weights_normal_optimizer_Adam_learningrate_0.01_l1Norm_0.001_l2Norm_0.01,Very_Large_Dropout,Yes,ReLU,200.0,normal,CrossEntropyLoss,Adam,0.01,0.001,0.01,1910.8337724711569,5106.399455325999,0.5519,10002.650319291655,-1.532201603689605,1936.8916563799808,4801.996742251442,0.6572,6074.612689520998,-0.4441777558335082
MLP_modelID_5_weights_balanced_optimizer_SGD_learningrate_0.01_l1Norm_0.001_l2Norm_0.01,Very_Large_Dropout,Yes,ReLU,200.0,balanced,CrossEntropyLoss,SGD,0.01,0.001,0.01,1910.8337724711569,5106.399455325999,0.5863,5106.399455325999,0.0,1936.8916563799808,4801.996742251442,0.5872,4801.996742251442,0.0
MLP_modelID_5_weights_balanced_optimizer_Adam_learningrate_0.01_l1Norm_0.001_l2Norm_0.01,Very_Large_Dropout,Yes,ReLU,200.0,balanced,CrossEntropyLoss,Adam,0.01,0.001,0.01,1910.8337724711569,5106.399455325999,0.5863,5106.399455325999,0.0,1936.8916563799808,4801.996742251442,0.5872,4801.996742251442,0.0
MLP_modelID_6_weights_normal_optimizer_SGD_learningrate_0.01_l1Norm_0.001_l2Norm_0.01,Very_Large,No,ReLU,200.0,normal,CrossEntropyLoss,SGD,0.01,0.001,0.01,1910.8337724711569,5106.399455325999,0.5294,14784.61172524819,-3.028638191306369,1936.8916563799808,4801.996742251442,1.0,1936.8916563799808,1.0
MLP_modelID_6_weights_normal_optimizer_Adam_learningrate_0.01_l1Norm_0.001_l2Norm_0.01,Very_Large,No,ReLU,200.0,normal,CrossEntropyLoss,Adam,0.01,0.001,0.01,1910.8337724711569,5106.399455325999,0.5559,11799.04064663268,-2.094352567125966,1936.8916563799808,4801.996742251442,0.7728,5857.499529719576,-0.3683993277150907
MLP_modelID_6_weights_balanced_optimizer_SGD_learningrate_0.01_l1Norm_0.001_l2Norm_0.01,Very_Large,No,ReLU,200.0,balanced,CrossEntropyLoss,SGD,0.01,0.001,0.01,1910.8337724711569,5106.399455325999,0.5951,5401.448518916019,-0.0923307773559609,1936.8916563799808,4801.996742251442,0.7339,3105.754232523816,0.5920350070551395
MLP_modelID_6_weights_balanced_optimizer_Adam_learningrate_0.01_l1Norm_0.001_l2Norm_0.01,Very_Large,No,ReLU,200.0,balanced,CrossEntropyLoss,Adam,0.01,0.001,0.01,1910.8337724711569,5106.399455325999,0.5863,5106.399455325999,0.0,1936.8916563799808,4801.996742251442,0.5872,4801.996742251442,0.0
MLP_modelID_7_weights_normal_optimizer_SGD_learningrate_0.01_l1Norm_0.001_l2Norm_0.01,Very_Large_Dropout_Leaky,Yes,Leaky ReLU,200.0,normal,CrossEntropyLoss,SGD,0.01,0.001,0.01,1910.8337724711569,5106.399455325999,0.5863,5106.399455325999,0.0,1936.8916563799808,4801.996742251442,0.5872,4801.996742251442,0.0
MLP_modelID_7_weights_normal_optimizer_Adam_learningrate_0.01_l1Norm_0.001_l2Norm_0.01,Very_Large_Dropout_Leaky,Yes,Leaky ReLU,200.0,normal,CrossEntropyLoss,Adam,0.01,0.001,0.01,1910.8337724711569,5106.399455325999,0.5514,9993.072114301043,-1.5292042611402086,1936.8916563799808,4801.996742251442,0.6647,6048.351206225681,-0.4350117802381212
MLP_modelID_7_weights_balanced_optimizer_SGD_learningrate_0.01_l1Norm_0.001_l2Norm_0.01,Very_Large_Dropout_Leaky,Yes,Leaky ReLU,200.0,balanced,CrossEntropyLoss,SGD,0.01,0.001,0.01,1910.8337724711569,5106.399455325999,0.5863,5106.399455325999,0.0,1936.8916563799808,4801.996742251442,0.5872,4801.996742251442,0.0
MLP_modelID_7_weights_balanced_optimizer_Adam_learningrate_0.01_l1Norm_0.001_l2Norm_0.01,Very_Large_Dropout_Leaky,Yes,Leaky ReLU,200.0,balanced,CrossEntropyLoss,Adam,0.01,0.001,0.01,1910.8337724711569,5106.399455325999,0.5863,5106.399455325999,0.0,1936.8916563799808,4801.996742251442,0.5872,4801.996742251442,0.0
MLP_modelID_8_weights_normal_optimizer_SGD_learningrate_0.01_l1Norm_0.001_l2Norm_0.01,Very_Large_Leaky,No,Leaky ReLU,200.0,normal,CrossEntropyLoss,SGD,0.01,0.001,0.01,1910.8337724711569,5106.399455325999,0.5208,14724.34175207942,-3.0097776892387262,1936.8916563799808,4801.996742251442,1.0,1936.8916563799808,1.0
MLP_modelID_8_weights_normal_optimizer_Adam_learningrate_0.01_l1Norm_0.001_l2Norm_0.01,Very_Large_Leaky,No,Leaky ReLU,200.0,normal,CrossEntropyLoss,Adam,0.01,0.001,0.01,1910.8337724711569,5106.399455325999,0.5584,11018.660303192915,-1.850145305911861,1936.8916563799808,4801.996742251442,0.7476,5756.100715819133,-0.3330083696659551
MLP_modelID_8_weights_balanced_optimizer_SGD_learningrate_0.01_l1Norm_0.001_l2Norm_0.01,Very_Large_Leaky,No,Leaky ReLU,200.0,balanced,CrossEntropyLoss,SGD,0.01,0.001,0.01,1910.8337724711569,5106.399455325999,0.5935,5077.8282210893485,0.0089409003200727,1936.8916563799808,4801.996742251442,0.618,4690.462641218301,0.0389284503326399
MLP_modelID_8_weights_balanced_optimizer_Adam_learningrate_0.01_l1Norm_0.001_l2Norm_0.01,Very_Large_Leaky,No,Leaky ReLU,200.0,balanced,CrossEntropyLoss,Adam,0.01,0.001,0.01,1910.8337724711569,5106.399455325999,0.5863,5106.399455325999,0.0,1936.8916563799808,4801.996742251442,0.5872,4801.996742251442,0.0
MLP_modelID_5_weights_normal_optimizer_SGD_learningrate_0.1_l1Norm_0_l2Norm_0,Very_Large_Dropout,Yes,ReLU,200.0,normal,CrossEntropyLoss,SGD,0.1,0.0,0.0,1910.8337724711569,5106.399455325999,0.5704,11254.53714247384,-1.9239591037463013,1936.8916563799808,4801.996742251442,0.7586,6075.05491412854,-0.4443321043108896
MLP_modelID_5_weights_normal_optimizer_Adam_learningrate_0.1_l1Norm_0_l2Norm_0,Very_Large_Dropout,Yes,ReLU,200.0,normal,CrossEntropyLoss,Adam,0.1,0.0,0.0,1910.8337724711569,5106.399455325999,0.5863,5106.399455325999,0.0,1936.8916563799808,4801.996742251442,0.5872,4801.996742251442,0.0
MLP_modelID_5_weights_balanced_optimizer_SGD_learningrate_0.1_l1Norm_0_l2Norm_0,Very_Large_Dropout,Yes,ReLU,200.0,balanced,CrossEntropyLoss,SGD,0.1,0.0,0.0,1910.8337724711569,5106.399455325999,0.5863,5106.399455325999,0.0,1936.8916563799808,4801.996742251442,0.5872,4801.996742251442,0.0
MLP_modelID_5_weights_balanced_optimizer_Adam_learningrate_0.1_l1Norm_0_l2Norm_0,Very_Large_Dropout,Yes,ReLU,200.0,balanced,CrossEntropyLoss,Adam,0.1,0.0,0.0,1910.8337724711569,5106.399455325999,0.5863,5106.399455325999,0.0,1936.8916563799808,4801.996742251442,0.5872,4801.996742251442,0.0
MLP_modelID_6_weights_normal_optimizer_SGD_learningrate_0.1_l1Norm_0_l2Norm_0,Very_Large,No,ReLU,200.0,normal,CrossEntropyLoss,SGD,0.1,0.0,0.0,1910.8337724711569,5106.399455325999,0.5025,15287.479066273145,-3.1860022986138743,1936.8916563799808,4801.996742251442,1.0,1936.8916563799808,1.0
MLP_modelID_6_weights_normal_optimizer_Adam_learningrate_0.1_l1Norm_0_l2Norm_0,Very_Large,No,ReLU,200.0,normal,CrossEntropyLoss,Adam,0.1,0.0,0.0,1910.8337724711569,5106.399455325999,0.5286,13438.413640998122,-2.6073675250600696,1936.8916563799808,4801.996742251442,0.798,4968.259059439151,-0.0580300939074067
MLP_modelID_6_weights_balanced_optimizer_SGD_learningrate_0.1_l1Norm_0_l2Norm_0,Very_Large,No,ReLU,200.0,balanced,CrossEntropyLoss,SGD,0.1,0.0,0.0,1910.8337724711569,5106.399455325999,0.5616,6982.203954923532,-0.5870023294034543,1936.8916563799808,4801.996742251442,0.6848,8302.942260163692,-1.221925693118998
MLP_modelID_6_weights_balanced_optimizer_Adam_learningrate_0.1_l1Norm_0_l2Norm_0,Very_Large,No,ReLU,200.0,balanced,CrossEntropyLoss,Adam,0.1,0.0,0.0,1910.8337724711569,5106.399455325999,0.5863,5106.399455325999,0.0,1936.8916563799808,4801.996742251442,0.5872,4801.996742251442,0.0
MLP_modelID_7_weights_normal_optimizer_SGD_learningrate_0.1_l1Norm_0_l2Norm_0,Very_Large_Dropout_Leaky,Yes,Leaky ReLU,200.0,normal,CrossEntropyLoss,SGD,0.1,0.0,0.0,1910.8337724711569,5106.399455325999,0.5863,5106.399455325999,0.0,1936.8916563799808,4801.996742251442,0.5872,4801.996742251442,0.0
MLP_modelID_7_weights_normal_optimizer_Adam_learningrate_0.1_l1Norm_0_l2Norm_0,Very_Large_Dropout_Leaky,Yes,Leaky ReLU,200.0,normal,CrossEntropyLoss,Adam,0.1,0.0,0.0,1910.8337724711569,5106.399455325999,0.4564,17241.704601556212,-3.79754520814256,1936.8916563799808,4801.996742251442,0.9207,3175.9846390715147,0.5675226752408467
MLP_modelID_7_weights_balanced_optimizer_SGD_learningrate_0.1_l1Norm_0_l2Norm_0,Very_Large_Dropout_Leaky,Yes,Leaky ReLU,200.0,balanced,CrossEntropyLoss,SGD,0.1,0.0,0.0,1910.8337724711569,5106.399455325999,0.5863,5106.399455325999,0.0,1936.8916563799808,4801.996742251442,0.5872,4801.996742251442,0.0
MLP_modelID_7_weights_balanced_optimizer_Adam_learningrate_0.1_l1Norm_0_l2Norm_0,Very_Large_Dropout_Leaky,Yes,Leaky ReLU,200.0,balanced,CrossEntropyLoss,Adam,0.1,0.0,0.0,1910.8337724711569,5106.399455325999,0.5863,5106.399455325999,0.0,1936.8916563799808,4801.996742251442,0.5872,4801.996742251442,0.0
MLP_modelID_8_weights_normal_optimizer_SGD_learningrate_0.1_l1Norm_0_l2Norm_0,Very_Large_Leaky,No,Leaky ReLU,200.0,normal,CrossEntropyLoss,SGD,0.1,0.0,0.0,1910.8337724711569,5106.399455325999,0.4924,15916.002460423932,-3.3826884119749625,1936.8916563799808,4801.996742251442,1.0,1936.8916563799808,1.0
MLP_modelID_8_weights_normal_optimizer_Adam_learningrate_0.1_l1Norm_0_l2Norm_0,Very_Large_Leaky,No,Leaky ReLU,200.0,normal,CrossEntropyLoss,Adam,0.1,0.0,0.0,1910.8337724711569,5106.399455325999,0.5291,12917.423517574458,-2.444332189495249,1936.8916563799808,4801.996742251442,0.8213,4173.6124459949015,0.2193232978976088
MLP_modelID_8_weights_balanced_optimizer_SGD_learningrate_0.1_l1Norm_0_l2Norm_0,Very_Large_Leaky,No,Leaky ReLU,200.0,balanced,CrossEntropyLoss,SGD,0.1,0.0,0.0,1910.8337724711569,5106.399455325999,0.5498,11065.175320633218,-1.8647014196196363,1936.8916563799808,4801.996742251442,0.9453,2271.7433127599625,0.8831276178904511
MLP_modelID_8_weights_balanced_optimizer_Adam_learningrate_0.1_l1Norm_0_l2Norm_0,Very_Large_Leaky,No,Leaky ReLU,200.0,balanced,CrossEntropyLoss,Adam,0.1,0.0,0.0,1910.8337724711569,5106.399455325999,0.5863,5106.399455325999,0.0,1936.8916563799808,4801.996742251442,0.5872,4801.996742251442,0.0
MLP_modelID_5_weights_normal_optimizer_SGD_learningrate_0.1_l1Norm_0_l2Norm_0.0001,Very_Large_Dropout,Yes,ReLU,200.0,normal,CrossEntropyLoss,SGD,0.1,0.0,0.0001,1910.8337724711569,5106.399455325999,0.5787,10458.994156157769,-1.6750069415096132,1936.8916563799808,4801.996742251442,0.7539,5881.859294243927,-0.3769015514710276
MLP_modelID_5_weights_normal_optimizer_Adam_learningrate_0.1_l1Norm_0_l2Norm_0.0001,Very_Large_Dropout,Yes,ReLU,200.0,normal,CrossEntropyLoss,Adam,0.1,0.0,0.0001,1910.8337724711569,5106.399455325999,0.5176,13215.037590555408,-2.5374656445757497,1936.8916563799808,4801.996742251442,0.7695,5264.743396618811,-0.1615112327465009
MLP_modelID_5_weights_balanced_optimizer_SGD_learningrate_0.1_l1Norm_0_l2Norm_0.0001,Very_Large_Dropout,Yes,ReLU,200.0,balanced,CrossEntropyLoss,SGD,0.1,0.0,0.0001,1910.8337724711569,5106.399455325999,0.5863,5106.399455325999,0.0,1936.8916563799808,4801.996742251442,0.5872,4801.996742251442,0.0
MLP_modelID_5_weights_balanced_optimizer_Adam_learningrate_0.1_l1Norm_0_l2Norm_0.0001,Very_Large_Dropout,Yes,ReLU,200.0,balanced,CrossEntropyLoss,Adam,0.1,0.0,0.0001,1910.8337724711569,5106.399455325999,0.5863,5106.399455325999,0.0,1936.8916563799808,4801.996742251442,0.5872,4801.996742251442,0.0
MLP_modelID_6_weights_normal_optimizer_SGD_learningrate_0.1_l1Norm_0_l2Norm_0.0001,Very_Large,No,ReLU,200.0,normal,CrossEntropyLoss,SGD,0.1,0.0,0.0001,1910.8337724711569,5106.399455325999,0.4999,15871.82103836866,-3.368862558764584,1936.8916563799808,4801.996742251442,1.0,1936.8916563799808,1.0
MLP_modelID_6_weights_normal_optimizer_Adam_learningrate_0.1_l1Norm_0_l2Norm_0.0001,Very_Large,No,ReLU,200.0,normal,CrossEntropyLoss,Adam,0.1,0.0,0.0001,1910.8337724711569,5106.399455325999,0.5361,12587.52546015562,-2.3410959896609485,1936.8916563799808,4801.996742251442,0.7779,5082.925207969945,-0.0980517144393171
MLP_modelID_6_weights_balanced_optimizer_SGD_learningrate_0.1_l1Norm_0_l2Norm_0.0001,Very_Large,No,ReLU,200.0,balanced,CrossEntropyLoss,SGD,0.1,0.0,0.0001,1910.8337724711569,5106.399455325999,0.5508,11346.007072712637,-1.9525831219379977,1936.8916563799808,4801.996742251442,0.9599,2258.601771769757,0.8877143749539214
MLP_modelID_6_weights_balanced_optimizer_Adam_learningrate_0.1_l1Norm_0_l2Norm_0.0001,Very_Large,No,ReLU,200.0,balanced,CrossEntropyLoss,Adam,0.1,0.0,0.0001,1910.8337724711569,5106.399455325999,0.5863,5106.399455325999,0.0,1936.8916563799808,4801.996742251442,0.5872,4801.996742251442,0.0
MLP_modelID_7_weights_normal_optimizer_SGD_learningrate_0.1_l1Norm_0_l2Norm_0.0001,Very_Large_Dropout_Leaky,Yes,Leaky ReLU,200.0,normal,CrossEntropyLoss,SGD,0.1,0.0,0.0001,1910.8337724711569,5106.399455325999,0.5728,11231.787437617388,-1.9168399558037288,1936.8916563799808,4801.996742251442,0.7753,5768.130579632362,-0.3372071210041001
MLP_modelID_7_weights_normal_optimizer_Adam_learningrate_0.1_l1Norm_0_l2Norm_0.0001,Very_Large_Dropout_Leaky,Yes,Leaky ReLU,200.0,normal,CrossEntropyLoss,Adam,0.1,0.0,0.0001,1910.8337724711569,5106.399455325999,0.5863,5106.399455325999,0.0,1936.8916563799808,4801.996742251442,0.5872,4801.996742251442,0.0
MLP_modelID_7_weights_balanced_optimizer_SGD_learningrate_0.1_l1Norm_0_l2Norm_0.0001,Very_Large_Dropout_Leaky,Yes,Leaky ReLU,200.0,balanced,CrossEntropyLoss,SGD,0.1,0.0,0.0001,1910.8337724711569,5106.399455325999,0.5863,5106.399455325999,0.0,1936.8916563799808,4801.996742251442,0.5872,4801.996742251442,0.0
MLP_modelID_7_weights_balanced_optimizer_Adam_learningrate_0.1_l1Norm_0_l2Norm_0.0001,Very_Large_Dropout_Leaky,Yes,Leaky ReLU,200.0,balanced,CrossEntropyLoss,Adam,0.1,0.0,0.0001,1910.8337724711569,5106.399455325999,0.5863,5106.399455325999,0.0,1936.8916563799808,4801.996742251442,0.5872,4801.996742251442,0.0
MLP_modelID_8_weights_normal_optimizer_SGD_learningrate_0.1_l1Norm_0_l2Norm_0.0001,Very_Large_Leaky,No,Leaky ReLU,200.0,normal,CrossEntropyLoss,SGD,0.1,0.0,0.0001,1910.8337724711569,5106.399455325999,0.509,15070.591808425008,-3.118130979613361,1936.8916563799808,4801.996742251442,1.0,1936.8916563799808,1.0
MLP_modelID_8_weights_normal_optimizer_Adam_learningrate_0.1_l1Norm_0_l2Norm_0.0001,Very_Large_Leaky,No,Leaky ReLU,200.0,normal,CrossEntropyLoss,Adam,0.1,0.0,0.0001,1910.8337724711569,5106.399455325999,0.5023,15250.962798497449,-3.17457513003098,1936.8916563799808,4801.996742251442,0.9104,2978.176245136187,0.636563212326474
MLP_modelID_8_weights_balanced_optimizer_SGD_learningrate_0.1_l1Norm_0_l2Norm_0.0001,Very_Large_Leaky,No,Leaky ReLU,200.0,balanced,CrossEntropyLoss,SGD,0.1,0.0,0.0001,1910.8337724711569,5106.399455325999,0.5651,10613.25179232627,-1.723279345045594,1936.8916563799808,4801.996742251442,0.9416,2404.8229296927416,0.8366791935066379
MLP_modelID_8_weights_balanced_optimizer_Adam_learningrate_0.1_l1Norm_0_l2Norm_0.0001,Very_Large_Leaky,No,Leaky ReLU,200.0,balanced,CrossEntropyLoss,Adam,0.1,0.0,0.0001,1910.8337724711569,5106.399455325999,0.5863,5106.399455325999,0.0,1936.8916563799808,4801.996742251442,0.5872,4801.996742251442,0.0
MLP_modelID_5_weights_normal_optimizer_SGD_learningrate_0.1_l1Norm_0_l2Norm_0.01,Very_Large_Dropout,Yes,ReLU,200.0,normal,CrossEntropyLoss,SGD,0.1,0.0,0.01,1910.8337724711569,5106.399455325999,0.5702,11139.61911725248,-1.8879973878479464,1936.8916563799808,4801.996742251442,0.761,5820.99939688716,-0.3556597835313861
MLP_modelID_5_weights_normal_optimizer_Adam_learningrate_0.1_l1Norm_0_l2Norm_0.01,Very_Large_Dropout,Yes,ReLU,200.0,normal,CrossEntropyLoss,Adam,0.1,0.0,0.01,1910.8337724711569,5106.399455325999,0.4564,16003.836509256776,-3.410174640564817,1936.8916563799808,4801.996742251442,0.8756,3033.3158855494435,0.6173179704380826
MLP_modelID_5_weights_balanced_optimizer_SGD_learningrate_0.1_l1Norm_0_l2Norm_0.01,Very_Large_Dropout,Yes,ReLU,200.0,balanced,CrossEntropyLoss,SGD,0.1,0.0,0.01,1910.8337724711569,5106.399455325999,0.5863,5106.399455325999,0.0,1936.8916563799808,4801.996742251442,0.5872,4801.996742251442,0.0
MLP_modelID_5_weights_balanced_optimizer_Adam_learningrate_0.1_l1Norm_0_l2Norm_0.01,Very_Large_Dropout,Yes,ReLU,200.0,balanced,CrossEntropyLoss,Adam,0.1,0.0,0.01,1910.8337724711569,5106.399455325999,0.5863,5106.399455325999,0.0,1936.8916563799808,4801.996742251442,0.5872,4801.996742251442,0.0
MLP_modelID_6_weights_normal_optimizer_SGD_learningrate_0.1_l1Norm_0_l2Norm_0.01,Very_Large,No,ReLU,200.0,normal,CrossEntropyLoss,SGD,0.1,0.0,0.01,1910.8337724711569,5106.399455325999,0.4878,15747.404953045345,-3.3299285803485423,1936.8916563799808,4801.996742251442,1.0,1936.8916563799808,1.0
MLP_modelID_6_weights_normal_optimizer_Adam_learningrate_0.1_l1Norm_0_l2Norm_0.01,Very_Large,No,ReLU,200.0,normal,CrossEntropyLoss,Adam,0.1,0.0,0.01,1910.8337724711569,5106.399455325999,0.5345,12415.056909042123,-2.2871247782291686,1936.8916563799808,4801.996742251442,0.7621,5507.81672346706,-0.2463504688523259
MLP_modelID_6_weights_balanced_optimizer_SGD_learningrate_0.1_l1Norm_0_l2Norm_0.01,Very_Large,No,ReLU,200.0,balanced,CrossEntropyLoss,SGD,0.1,0.0,0.01,1910.8337724711569,5106.399455325999,0.5576,10156.339559967804,-1.580296137155381,1936.8916563799808,4801.996742251442,0.9615,2335.0573460351534,0.8610292894251504
MLP_modelID_6_weights_balanced_optimizer_Adam_learningrate_0.1_l1Norm_0_l2Norm_0.01,Very_Large,No,ReLU,200.0,balanced,CrossEntropyLoss,Adam,0.1,0.0,0.01,1910.8337724711569,5106.399455325999,0.5863,5106.399455325999,0.0,1936.8916563799808,4801.996742251442,0.5872,4801.996742251442,0.0
MLP_modelID_7_weights_normal_optimizer_SGD_learningrate_0.1_l1Norm_0_l2Norm_0.01,Very_Large_Dropout_Leaky,Yes,Leaky ReLU,200.0,normal,CrossEntropyLoss,SGD,0.1,0.0,0.01,1910.8337724711569,5106.399455325999,0.5613,12408.47660048296,-2.285065578321475,1936.8916563799808,4801.996742251442,0.8179,5213.826596672481,-0.1437398776232934
MLP_modelID_7_weights_normal_optimizer_Adam_learningrate_0.1_l1Norm_0_l2Norm_0.01,Very_Large_Dropout_Leaky,Yes,Leaky ReLU,200.0,normal,CrossEntropyLoss,Adam,0.1,0.0,0.01,1910.8337724711569,5106.399455325999,0.5863,5106.399455325999,0.0,1936.8916563799808,4801.996742251442,0.5872,4801.996742251442,0.0
MLP_modelID_7_weights_balanced_optimizer_SGD_learningrate_0.1_l1Norm_0_l2Norm_0.01,Very_Large_Dropout_Leaky,Yes,Leaky ReLU,200.0,balanced,CrossEntropyLoss,SGD,0.1,0.0,0.01,1910.8337724711569,5106.399455325999,0.5863,5106.399455325999,0.0,1936.8916563799808,4801.996742251442,0.5872,4801.996742251442,0.0
MLP_modelID_7_weights_balanced_optimizer_Adam_learningrate_0.1_l1Norm_0_l2Norm_0.01,Very_Large_Dropout_Leaky,Yes,Leaky ReLU,200.0,balanced,CrossEntropyLoss,Adam,0.1,0.0,0.01,1910.8337724711569,5106.399455325999,0.5863,5106.399455325999,0.0,1936.8916563799808,4801.996742251442,0.5872,4801.996742251442,0.0
MLP_modelID_8_weights_normal_optimizer_SGD_learningrate_0.1_l1Norm_0_l2Norm_0.01,Very_Large_Leaky,No,Leaky ReLU,200.0,normal,CrossEntropyLoss,SGD,0.1,0.0,0.01,1910.8337724711569,5106.399455325999,0.5063,15550.846772202844,-3.2684189134069133,1936.8916563799808,4801.996742251442,1.0,1936.8916563799808,1.0
MLP_modelID_8_weights_normal_optimizer_Adam_learningrate_0.1_l1Norm_0_l2Norm_0.01,Very_Large_Leaky,No,Leaky ReLU,200.0,normal,CrossEntropyLoss,Adam,0.1,0.0,0.01,1910.8337724711569,5106.399455325999,0.5184,14706.98647974242,-3.004346640698521,1936.8916563799808,4801.996742251442,0.8965,3370.064088957467,0.4997836415687465
MLP_modelID_8_weights_balanced_optimizer_SGD_learningrate_0.1_l1Norm_0_l2Norm_0.01,Very_Large_Leaky,No,Leaky ReLU,200.0,balanced,CrossEntropyLoss,SGD,0.1,0.0,0.01,1910.8337724711569,5106.399455325999,0.5272,8593.527402736787,-1.0912396406433649,1936.8916563799808,4801.996742251442,0.6878,8283.366013685765,-1.215093047931056
MLP_modelID_8_weights_balanced_optimizer_Adam_learningrate_0.1_l1Norm_0_l2Norm_0.01,Very_Large_Leaky,No,Leaky ReLU,200.0,balanced,CrossEntropyLoss,Adam,0.1,0.0,0.01,1910.8337724711569,5106.399455325999,0.5863,5106.399455325999,0.0,1936.8916563799808,4801.996742251442,0.5872,4801.996742251442,0.0
MLP_modelID_5_weights_normal_optimizer_SGD_learningrate_0.1_l1Norm_0.001_l2Norm_0,Very_Large_Dropout,Yes,ReLU,200.0,normal,CrossEntropyLoss,SGD,0.1,0.001,0.0,1910.8337724711569,5106.399455325999,0.5447,11784.556452911189,-2.089819975666744,1936.8916563799808,4801.996742251442,0.706,7085.711923386556,-0.797079029455735
MLP_modelID_5_weights_normal_optimizer_Adam_learningrate_0.1_l1Norm_0.001_l2Norm_0,Very_Large_Dropout,Yes,ReLU,200.0,normal,CrossEntropyLoss,Adam,0.1,0.001,0.0,1910.8337724711569,5106.399455325999,0.5863,5106.399455325999,0.0,1936.8916563799808,4801.996742251442,0.5872,4801.996742251442,0.0
MLP_modelID_5_weights_balanced_optimizer_SGD_learningrate_0.1_l1Norm_0.001_l2Norm_0,Very_Large_Dropout,Yes,ReLU,200.0,balanced,CrossEntropyLoss,SGD,0.1,0.001,0.0,1910.8337724711569,5106.399455325999,0.5863,5106.399455325999,0.0,1936.8916563799808,4801.996742251442,0.5872,4801.996742251442,0.0
MLP_modelID_5_weights_balanced_optimizer_Adam_learningrate_0.1_l1Norm_0.001_l2Norm_0,Very_Large_Dropout,Yes,ReLU,200.0,balanced,CrossEntropyLoss,Adam,0.1,0.001,0.0,1910.8337724711569,5106.399455325999,0.5863,5106.399455325999,0.0,1936.8916563799808,4801.996742251442,0.5872,4801.996742251442,0.0
MLP_modelID_6_weights_normal_optimizer_SGD_learningrate_0.1_l1Norm_0.001_l2Norm_0,Very_Large,No,ReLU,200.0,normal,CrossEntropyLoss,SGD,0.1,0.001,0.0,1910.8337724711569,5106.399455325999,0.5522,13006.19330829085,-2.4721112431985324,1936.8916563799808,4801.996742251442,0.8401,5251.000820474976,-0.1567146979835691
MLP_modelID_6_weights_normal_optimizer_Adam_learningrate_0.1_l1Norm_0.001_l2Norm_0,Very_Large,No,ReLU,200.0,normal,CrossEntropyLoss,Adam,0.1,0.001,0.0,1910.8337724711569,5106.399455325999,0.6029,9037.053812718004,-1.2300339744168398,1936.8916563799808,4801.996742251442,0.6976,6322.621656379981,-0.5307396652315182
MLP_modelID_6_weights_balanced_optimizer_SGD_learningrate_0.1_l1Norm_0.001_l2Norm_0,Very_Large,No,ReLU,200.0,balanced,CrossEntropyLoss,SGD,0.1,0.001,0.0,1910.8337724711569,5106.399455325999,0.5863,5106.399455325999,0.0,1936.8916563799808,4801.996742251442,0.5872,4801.996742251442,0.0
MLP_modelID_6_weights_balanced_optimizer_Adam_learningrate_0.1_l1Norm_0.001_l2Norm_0,Very_Large,No,ReLU,200.0,balanced,CrossEntropyLoss,Adam,0.1,0.001,0.0,1910.8337724711569,5106.399455325999,0.5863,5106.399455325999,0.0,1936.8916563799808,4801.996742251442,0.5872,4801.996742251442,0.0
MLP_modelID_7_weights_normal_optimizer_SGD_learningrate_0.1_l1Norm_0.001_l2Norm_0,Very_Large_Dropout_Leaky,Yes,Leaky ReLU,200.0,normal,CrossEntropyLoss,SGD,0.1,0.001,0.0,1910.8337724711569,5106.399455325999,0.5506,12164.250421250335,-2.208638991146951,1936.8916563799808,4801.996742251442,0.7312,6870.256157252113,-0.7218790770362202
MLP_modelID_7_weights_normal_optimizer_Adam_learningrate_0.1_l1Norm_0.001_l2Norm_0,Very_Large_Dropout_Leaky,Yes,Leaky ReLU,200.0,normal,CrossEntropyLoss,Adam,0.1,0.001,0.0,1910.8337724711569,5106.399455325999,0.5863,5106.399455325999,0.0,1936.8916563799808,4801.996742251442,0.5872,4801.996742251442,0.0
MLP_modelID_7_weights_balanced_optimizer_SGD_learningrate_0.1_l1Norm_0.001_l2Norm_0,Very_Large_Dropout_Leaky,Yes,Leaky ReLU,200.0,balanced,CrossEntropyLoss,SGD,0.1,0.001,0.0,1910.8337724711569,5106.399455325999,0.5863,5106.399455325999,0.0,1936.8916563799808,4801.996742251442,0.5872,4801.996742251442,0.0
MLP_modelID_7_weights_balanced_optimizer_Adam_learningrate_0.1_l1Norm_0.001_l2Norm_0,Very_Large_Dropout_Leaky,Yes,Leaky ReLU,200.0,balanced,CrossEntropyLoss,Adam,0.1,0.001,0.0,1910.8337724711569,5106.399455325999,0.5863,5106.399455325999,0.0,1936.8916563799808,4801.996742251442,0.5872,4801.996742251442,0.0
MLP_modelID_8_weights_normal_optimizer_SGD_learningrate_0.1_l1Norm_0.001_l2Norm_0,Very_Large_Leaky,No,Leaky ReLU,200.0,normal,CrossEntropyLoss,SGD,0.1,0.001,0.0,1910.8337724711569,5106.399455325999,0.5334,14056.594365441371,-2.80081706914548,1936.8916563799808,4801.996742251442,0.7628,7877.332166241783,-1.0733761351915423
MLP_modelID_8_weights_normal_optimizer_Adam_learningrate_0.1_l1Norm_0.001_l2Norm_0,Very_Large_Leaky,No,Leaky ReLU,200.0,normal,CrossEntropyLoss,Adam,0.1,0.001,0.0,1910.8337724711569,5106.399455325999,0.5994,8606.482707271263,-1.095293791244614,1936.8916563799808,4801.996742251442,0.6899,5989.327796860325,-0.4144109968126144
MLP_modelID_8_weights_balanced_optimizer_SGD_learningrate_0.1_l1Norm_0.001_l2Norm_0,Very_Large_Leaky,No,Leaky ReLU,200.0,balanced,CrossEntropyLoss,SGD,0.1,0.001,0.0,1910.8337724711569,5106.399455325999,0.5863,5106.399455325999,0.0,1936.8916563799808,4801.996742251442,0.5872,4801.996742251442,0.0
MLP_modelID_8_weights_balanced_optimizer_Adam_learningrate_0.1_l1Norm_0.001_l2Norm_0,Very_Large_Leaky,No,Leaky ReLU,200.0,balanced,CrossEntropyLoss,Adam,0.1,0.001,0.0,1910.8337724711569,5106.399455325999,0.5863,5106.399455325999,0.0,1936.8916563799808,4801.996742251442,0.5872,4801.996742251442,0.0
MLP_modelID_5_weights_normal_optimizer_SGD_learningrate_0.1_l1Norm_0.001_l2Norm_0.0001,Very_Large_Dropout,Yes,ReLU,200.0,normal,CrossEntropyLoss,SGD,0.1,0.001,0.0001,1910.8337724711569,5106.399455325999,0.5576,11642.30174403005,-2.045303691853716,1936.8916563799808,4801.996742251442,0.7005,7480.604883268483,-0.9349074678712196
MLP_modelID_5_weights_normal_optimizer_Adam_learningrate_0.1_l1Norm_0.001_l2Norm_0.0001,Very_Large_Dropout,Yes,ReLU,200.0,normal,CrossEntropyLoss,Adam,0.1,0.001,0.0001,1910.8337724711569,5106.399455325999,0.5863,5106.399455325999,0.0,1936.8916563799808,4801.996742251442,0.5872,4801.996742251442,0.0
MLP_modelID_5_weights_balanced_optimizer_SGD_learningrate_0.1_l1Norm_0.001_l2Norm_0.0001,Very_Large_Dropout,Yes,ReLU,200.0,balanced,CrossEntropyLoss,SGD,0.1,0.001,0.0001,1910.8337724711569,5106.399455325999,0.5863,5106.399455325999,0.0,1936.8916563799808,4801.996742251442,0.5872,4801.996742251442,0.0
MLP_modelID_5_weights_balanced_optimizer_Adam_learningrate_0.1_l1Norm_0.001_l2Norm_0.0001,Very_Large_Dropout,Yes,ReLU,200.0,balanced,CrossEntropyLoss,Adam,0.1,0.001,0.0001,1910.8337724711569,5106.399455325999,0.5863,5106.399455325999,0.0,1936.8916563799808,4801.996742251442,0.5872,4801.996742251442,0.0
MLP_modelID_6_weights_normal_optimizer_SGD_learningrate_0.1_l1Norm_0.001_l2Norm_0.0001,Very_Large,No,ReLU,200.0,normal,CrossEntropyLoss,SGD,0.1,0.001,0.0001,1910.8337724711569,5106.399455325999,0.5643,12595.583319023344,-2.3436175647645228,1936.8916563799808,4801.996742251442,0.8378,5250.025932510399,-0.1563744354328571
MLP_modelID_6_weights_normal_optimizer_Adam_learningrate_0.1_l1Norm_0.001_l2Norm_0.0001,Very_Large,No,ReLU,200.0,normal,CrossEntropyLoss,Adam,0.1,0.001,0.0001,1910.8337724711569,5106.399455325999,0.6021,8857.28668365978,-1.1737787924242655,1936.8916563799808,4801.996742251442,0.6811,6568.082867301758,-0.6164123381579691
MLP_modelID_6_weights_balanced_optimizer_SGD_learningrate_0.1_l1Norm_0.001_l2Norm_0.0001,Very_Large,No,ReLU,200.0,balanced,CrossEntropyLoss,SGD,0.1,0.001,0.0001,1910.8337724711569,5106.399455325999,0.5863,5106.399455325999,0.0,1936.8916563799808,4801.996742251442,0.5872,4801.996742251442,0.0
MLP_modelID_6_weights_balanced_optimizer_Adam_learningrate_0.1_l1Norm_0.001_l2Norm_0.0001,Very_Large,No,ReLU,200.0,balanced,CrossEntropyLoss,Adam,0.1,0.001,0.0001,1910.8337724711569,5106.399455325999,0.5863,5106.399455325999,0.0,1936.8916563799808,4801.996742251442,0.5872,4801.996742251442,0.0
MLP_modelID_7_weights_normal_optimizer_SGD_learningrate_0.1_l1Norm_0.001_l2Norm_0.0001,Very_Large_Dropout_Leaky,Yes,Leaky ReLU,200.0,normal,CrossEntropyLoss,SGD,0.1,0.001,0.0001,1910.8337724711569,5106.399455325999,0.5302,13584.620606385834,-2.6531206028866827,1936.8916563799808,4801.996742251442,0.7221,8073.3467811619485,-1.141790594363306
MLP_modelID_7_weights_normal_optimizer_Adam_learningrate_0.1_l1Norm_0.001_l2Norm_0.0001,Very_Large_Dropout_Leaky,Yes,Leaky ReLU,200.0,normal,CrossEntropyLoss,Adam,0.1,0.001,0.0001,1910.8337724711569,5106.399455325999,0.5863,5106.399455325999,0.0,1936.8916563799808,4801.996742251442,0.5872,4801.996742251442,0.0
MLP_modelID_7_weights_balanced_optimizer_SGD_learningrate_0.1_l1Norm_0.001_l2Norm_0.0001,Very_Large_Dropout_Leaky,Yes,Leaky ReLU,200.0,balanced,CrossEntropyLoss,SGD,0.1,0.001,0.0001,1910.8337724711569,5106.399455325999,0.5863,5106.399455325999,0.0,1936.8916563799808,4801.996742251442,0.5872,4801.996742251442,0.0
MLP_modelID_7_weights_balanced_optimizer_Adam_learningrate_0.1_l1Norm_0.001_l2Norm_0.0001,Very_Large_Dropout_Leaky,Yes,Leaky ReLU,200.0,balanced,CrossEntropyLoss,Adam,0.1,0.001,0.0001,1910.8337724711569,5106.399455325999,0.5863,5106.399455325999,0.0,1936.8916563799808,4801.996742251442,0.5872,4801.996742251442,0.0
MLP_modelID_8_weights_normal_optimizer_SGD_learningrate_0.1_l1Norm_0.001_l2Norm_0.0001,Very_Large_Leaky,No,Leaky ReLU,200.0,normal,CrossEntropyLoss,SGD,0.1,0.001,0.0001,1910.8337724711569,5106.399455325999,0.5538,13098.373976388517,-2.5009576751752687,1936.8916563799808,4801.996742251442,0.8098,6001.636487991414,-0.4187070665071557
MLP_modelID_8_weights_normal_optimizer_Adam_learningrate_0.1_l1Norm_0.001_l2Norm_0.0001,Very_Large_Leaky,No,Leaky ReLU,200.0,normal,CrossEntropyLoss,Adam,0.1,0.001,0.0001,1910.8337724711569,5106.399455325999,0.5965,8921.287526160451,-1.1938068090111424,1936.8916563799808,4801.996742251442,0.6894,6160.587269555884,-0.4741852346023838
MLP_modelID_8_weights_balanced_optimizer_SGD_learningrate_0.1_l1Norm_0.001_l2Norm_0.0001,Very_Large_Leaky,No,Leaky ReLU,200.0,balanced,CrossEntropyLoss,SGD,0.1,0.001,0.0001,1910.8337724711569,5106.399455325999,0.5863,5106.399455325999,0.0,1936.8916563799808,4801.996742251442,0.5872,4801.996742251442,0.0
MLP_modelID_8_weights_balanced_optimizer_Adam_learningrate_0.1_l1Norm_0.001_l2Norm_0.0001,Very_Large_Leaky,No,Leaky ReLU,200.0,balanced,CrossEntropyLoss,Adam,0.1,0.001,0.0001,1910.8337724711569,5106.399455325999,0.5863,5106.399455325999,0.0,1936.8916563799808,4801.996742251442,0.5872,4801.996742251442,0.0
MLP_modelID_5_weights_normal_optimizer_SGD_learningrate_0.1_l1Norm_0.001_l2Norm_0.01,Very_Large_Dropout,Yes,ReLU,200.0,normal,CrossEntropyLoss,SGD,0.1,0.001,0.01,1910.8337724711569,5106.399455325999,0.5452,11894.506187281995,-2.124226946226204,1936.8916563799808,4801.996742251442,0.6693,8268.98822621763,-1.2100748070508054
MLP_modelID_5_weights_normal_optimizer_Adam_learningrate_0.1_l1Norm_0.001_l2Norm_0.01,Very_Large_Dropout,Yes,ReLU,200.0,normal,CrossEntropyLoss,Adam,0.1,0.001,0.01,1910.8337724711569,5106.399455325999,0.5863,5106.399455325999,0.0,1936.8916563799808,4801.996742251442,0.5872,4801.996742251442,0.0
MLP_modelID_5_weights_balanced_optimizer_SGD_learningrate_0.1_l1Norm_0.001_l2Norm_0.01,Very_Large_Dropout,Yes,ReLU,200.0,balanced,CrossEntropyLoss,SGD,0.1,0.001,0.01,1910.8337724711569,5106.399455325999,0.5863,5106.399455325999,0.0,1936.8916563799808,4801.996742251442,0.5872,4801.996742251442,0.0
MLP_modelID_5_weights_balanced_optimizer_Adam_learningrate_0.1_l1Norm_0.001_l2Norm_0.01,Very_Large_Dropout,Yes,ReLU,200.0,balanced,CrossEntropyLoss,Adam,0.1,0.001,0.01,1910.8337724711569,5106.399455325999,0.5863,5106.399455325999,0.0,1936.8916563799808,4801.996742251442,0.5872,4801.996742251442,0.0
MLP_modelID_6_weights_normal_optimizer_SGD_learningrate_0.1_l1Norm_0.001_l2Norm_0.01,Very_Large,No,ReLU,200.0,normal,CrossEntropyLoss,SGD,0.1,0.001,0.01,1910.8337724711569,5106.399455325999,0.5632,11614.58686342903,-2.0366307733937017,1936.8916563799808,4801.996742251442,0.7981,5389.378839393532,-0.2050124095058907
MLP_modelID_6_weights_normal_optimizer_Adam_learningrate_0.1_l1Norm_0.001_l2Norm_0.01,Very_Large,No,ReLU,200.0,normal,CrossEntropyLoss,Adam,0.1,0.001,0.01,1910.8337724711569,5106.399455325999,0.5986,9281.653713442449,-1.3065775116180292,1936.8916563799808,4801.996742251442,0.7044,6304.703986985106,-0.5244859087870402
MLP_modelID_6_weights_balanced_optimizer_SGD_learningrate_0.1_l1Norm_0.001_l2Norm_0.01,Very_Large,No,ReLU,200.0,balanced,CrossEntropyLoss,SGD,0.1,0.001,0.01,1910.8337724711569,5106.399455325999,0.5863,5106.399455325999,0.0,1936.8916563799808,4801.996742251442,0.5872,4801.996742251442,0.0
MLP_modelID_6_weights_balanced_optimizer_Adam_learningrate_0.1_l1Norm_0.001_l2Norm_0.01,Very_Large,No,ReLU,200.0,balanced,CrossEntropyLoss,Adam,0.1,0.001,0.01,1910.8337724711569,5106.399455325999,0.5863,5106.399455325999,0.0,1936.8916563799808,4801.996742251442,0.5872,4801.996742251442,0.0
MLP_modelID_7_weights_normal_optimizer_SGD_learningrate_0.1_l1Norm_0.001_l2Norm_0.01,Very_Large_Dropout_Leaky,Yes,Leaky ReLU,200.0,normal,CrossEntropyLoss,SGD,0.1,0.001,0.01,1910.8337724711569,5106.399455325999,0.5734,10756.869205795549,-1.768222064965209,1936.8916563799808,4801.996742251442,0.7082,6989.795588353682,-0.7636016064090689
MLP_modelID_7_weights_normal_optimizer_Adam_learningrate_0.1_l1Norm_0.001_l2Norm_0.01,Very_Large_Dropout_Leaky,Yes,Leaky ReLU,200.0,normal,CrossEntropyLoss,Adam,0.1,0.001,0.01,1910.8337724711569,5106.399455325999,0.5863,5106.399455325999,0.0,1936.8916563799808,4801.996742251442,0.5872,4801.996742251442,0.0
MLP_modelID_7_weights_balanced_optimizer_SGD_learningrate_0.1_l1Norm_0.001_l2Norm_0.01,Very_Large_Dropout_Leaky,Yes,Leaky ReLU,200.0,balanced,CrossEntropyLoss,SGD,0.1,0.001,0.01,1910.8337724711569,5106.399455325999,0.5863,5106.399455325999,0.0,1936.8916563799808,4801.996742251442,0.5872,4801.996742251442,0.0
MLP_modelID_7_weights_balanced_optimizer_Adam_learningrate_0.1_l1Norm_0.001_l2Norm_0.01,Very_Large_Dropout_Leaky,Yes,Leaky ReLU,200.0,balanced,CrossEntropyLoss,Adam,0.1,0.001,0.01,1910.8337724711569,5106.399455325999,0.5863,5106.399455325999,0.0,1936.8916563799808,4801.996742251442,0.5872,4801.996742251442,0.0
MLP_modelID_8_weights_normal_optimizer_SGD_learningrate_0.1_l1Norm_0.001_l2Norm_0.01,Very_Large_Leaky,No,Leaky ReLU,200.0,normal,CrossEntropyLoss,SGD,0.1,0.001,0.01,1910.8337724711569,5106.399455325999,0.5484,13357.790418567212,-2.5821378066213354,1936.8916563799808,4801.996742251442,0.8536,5258.796506104924,-0.1594356053835772
MLP_modelID_8_weights_normal_optimizer_Adam_learningrate_0.1_l1Norm_0.001_l2Norm_0.01,Very_Large_Leaky,No,Leaky ReLU,200.0,normal,CrossEntropyLoss,Adam,0.1,0.001,0.01,1910.8337724711569,5106.399455325999,0.5895,8719.735645291119,-1.1307344453446038,1936.8916563799808,4801.996742251442,0.6803,5870.849483429492,-0.3730588265152388
MLP_modelID_8_weights_balanced_optimizer_SGD_learningrate_0.1_l1Norm_0.001_l2Norm_0.01,Very_Large_Leaky,No,Leaky ReLU,200.0,balanced,CrossEntropyLoss,SGD,0.1,0.001,0.01,1910.8337724711569,5106.399455325999,0.5863,5106.399455325999,0.0,1936.8916563799808,4801.996742251442,0.5872,4801.996742251442,0.0
MLP_modelID_8_weights_balanced_optimizer_Adam_learningrate_0.1_l1Norm_0.001_l2Norm_0.01,Very_Large_Leaky,No,Leaky ReLU,200.0,balanced,CrossEntropyLoss,Adam,0.1,0.001,0.01,1910.8337724711566,5106.399455325999,0.5863,5106.399455325999,0.0,1936.8916563799812,4801.996742251442,0.5872,4801.996742251442,0.0
