,max_depth,learning_rate,n_estimators,min_child_weight,subsample,Seed,VBS_test,SBS_test,Accuracy_test,Score_test,Gap_test,VBS_train,SBS_train,Accuracy_train,Score_train,Gap_train
XGB_depth_3_lr_0.001_estimators_50_childweight_2_subsample_0.8_seed_1,3.0,0.001,50.0,2.0,0.8,1.0,1910.8337724711569,5106.399455325999,0.678,2928.3276790984705,0.6815919284380633,1936.8916563799808,4801.996742251442,0.6627,2964.306987119281,0.6414039625262828
XGB_depth_3_lr_0.001_estimators_100_childweight_0.5_subsample_0.8_seed_1,3.0,0.001,100.0,0.5,0.8,1.0,1910.8337724711569,5106.399455325999,0.6772,2932.234644486182,0.680369307539149,1936.8916563799808,4801.996742251442,0.6622,2976.4865175097275,0.6371529734611674
XGB_depth_3_lr_0.001_estimators_100_childweight_2_subsample_0.8_seed_1,3.0,0.001,100.0,2.0,0.8,1.0,1910.8337724711569,5106.399455325999,0.6772,2932.234644486182,0.680369307539149,1936.8916563799808,4801.996742251442,0.662,2976.8352368173887,0.6370312608896527
XGB_depth_3_lr_0.001_estimators_100_childweight_1_subsample_0.8_seed_1,3.0,0.001,100.0,1.0,0.8,1.0,1910.8337724711569,5106.399455325999,0.6767,2934.0827394687417,0.6797909764497663,1936.8916563799808,4801.996742251442,0.6622,2976.486496712733,0.6371529807198869
XGB_depth_3_lr_0.001_estimators_50_childweight_0.5_subsample_0.8_seed_1,3.0,0.001,50.0,0.5,0.8,1.0,1910.8337724711569,5106.399455325999,0.678,2940.479165548699,0.6777893195555658,1936.8916563799808,4801.996742251442,0.6628,2967.312373540856,0.6403550005051706
XGB_depth_2_lr_0.01_estimators_50_childweight_1_subsample_0.7_seed_1,2.0,0.01,50.0,1.0,0.7,1.0,1910.8337724711569,5106.399455325999,0.6759,2940.7984706198013,0.6776893982574945,1936.8916563799808,4801.996742251442,0.6612,2984.4125050315306,0.634386587138764
XGB_depth_2_lr_0.01_estimators_50_childweight_2_subsample_0.7_seed_1,2.0,0.01,50.0,2.0,0.7,1.0,1910.8337724711569,5106.399455325999,0.6759,2940.7984706198013,0.6776893982574945,1936.8916563799808,4801.996742251442,0.6612,2984.4125050315306,0.634386587138764
XGB_depth_2_lr_0.01_estimators_50_childweight_0.5_subsample_0.7_seed_1,2.0,0.01,50.0,0.5,0.7,1.0,1910.8337724711569,5106.399455325999,0.6759,2940.7984706198013,0.6776893982574945,1936.8916563799808,4801.996742251442,0.6611,2984.535105326714,0.6343437962841499
XGB_depth_2_lr_0.001_estimators_200_childweight_1_subsample_0.6_seed_1,2.0,0.001,200.0,1.0,0.6,1.0,1910.8337724711569,5106.399455325999,0.6756,2940.960619801449,0.677638656323909,1936.8916563799808,4801.996742251442,0.6608,2982.2719260700387,0.6351337077145669
XGB_depth_2_lr_0.001_estimators_200_childweight_2_subsample_0.6_seed_1,2.0,0.001,200.0,2.0,0.6,1.0,1910.8337724711569,5106.399455325999,0.6756,2940.960619801449,0.677638656323909,1936.8916563799808,4801.996742251442,0.6607,2985.616485307929,0.6339663651083973
XGB_depth_2_lr_0.001_estimators_200_childweight_0.5_subsample_0.6_seed_1,2.0,0.001,200.0,0.5,0.6,1.0,1910.8337724711569,5106.399455325999,0.6756,2940.960619801449,0.677638656323909,1936.8916563799808,4801.996742251442,0.6607,2985.616485307929,0.6339663651083973
XGB_depth_2_lr_0.01_estimators_50_childweight_1_subsample_0.6_seed_1,2.0,0.01,50.0,1.0,0.6,1.0,1910.8337724711569,5106.399455325999,0.6759,2941.472825328682,0.6774783699840032,1936.8916563799808,4801.996742251442,0.6615,2989.349707500336,0.6326633685059985
XGB_depth_2_lr_0.01_estimators_50_childweight_0.5_subsample_0.6_seed_1,2.0,0.01,50.0,0.5,0.6,1.0,1910.8337724711569,5106.399455325999,0.6759,2941.472825328682,0.6774783699840032,1936.8916563799808,4801.996742251442,0.6615,2989.349707500336,0.6326633685059985
XGB_depth_2_lr_0.01_estimators_50_childweight_2_subsample_0.6_seed_1,2.0,0.01,50.0,2.0,0.6,1.0,1910.8337724711569,5106.399455325999,0.6759,2941.472825328682,0.6774783699840032,1936.8916563799808,4801.996742251442,0.6614,2992.6942667382264,0.631496025899829
XGB_depth_3_lr_0.001_estimators_50_childweight_1_subsample_0.9_seed_1,3.0,0.001,50.0,1.0,0.9,1.0,1910.8337724711569,5106.399455325999,0.6775,2943.201875503086,0.6769372920197227,1936.8916563799808,4801.996742251442,0.6641,2961.739573997048,0.6423000598927961
XGB_depth_3_lr_0.001_estimators_50_childweight_2_subsample_0.9_seed_1,3.0,0.001,50.0,2.0,0.9,1.0,1910.8337724711569,5106.399455325999,0.6775,2943.201875503086,0.6769372920197227,1936.8916563799808,4801.996742251442,0.6639,2964.7716355829866,0.6412417875100864
XGB_depth_3_lr_0.001_estimators_50_childweight_0.5_subsample_0.9_seed_1,3.0,0.001,50.0,0.5,0.9,1.0,1910.8337724711569,5106.399455325999,0.6775,2943.201875503086,0.6769372920197227,1936.8916563799808,4801.996742251442,0.6642,2961.570950623909,0.6423589140597759
XGB_depth_3_lr_0.001_estimators_100_childweight_1_subsample_0.7_seed_1,3.0,0.001,100.0,1.0,0.7,1.0,1910.8337724711569,5106.399455325999,0.6767,2944.338349879259,0.6765816509567739,1936.8916563799808,4801.996742251442,0.6625,2992.776766402791,0.6314672312615549
XGB_depth_3_lr_0.001_estimators_100_childweight_0.5_subsample_0.7_seed_1,3.0,0.001,100.0,0.5,0.7,1.0,1910.8337724711569,5106.399455325999,0.6767,2944.338349879259,0.6765816509567739,1936.8916563799808,4801.996742251442,0.6625,2992.776766402791,0.6314672312615549
XGB_depth_3_lr_0.001_estimators_50_childweight_1_subsample_0.8_seed_1,3.0,0.001,50.0,1.0,0.8,1.0,1910.8337724711569,5106.399455325999,0.677,2945.613887845452,0.6761824922184521,1936.8916563799808,4801.996742251442,0.6629,2963.95851469207,0.6415255889297713
XGB_depth_3_lr_0.001_estimators_100_childweight_2_subsample_0.7_seed_1,3.0,0.001,100.0,2.0,0.7,1.0,1910.8337724711569,5106.399455325999,0.6764,2945.6803729541184,0.676161686791412,1936.8916563799808,4801.996742251442,0.6625,2989.7587562055546,0.6325205993254766
XGB_depth_3_lr_0.001_estimators_50_childweight_2_subsample_0.7_seed_1,3.0,0.001,50.0,2.0,0.7,1.0,1910.8337724711569,5106.399455325999,0.6764,2945.769337268581,0.6761338468646849,1936.8916563799808,4801.996742251442,0.6621,2992.798563665638,0.631459623420937
XGB_depth_3_lr_0.001_estimators_50_childweight_1_subsample_0.7_seed_1,3.0,0.001,50.0,1.0,0.7,1.0,1910.8337724711569,5106.399455325999,0.6764,2946.191765495036,0.6760016548622729,1936.8916563799808,4801.996742251442,0.6622,2989.626286059305,0.6325668350279304
XGB_depth_3_lr_0.001_estimators_50_childweight_0.5_subsample_0.7_seed_1,3.0,0.001,50.0,0.5,0.7,1.0,1910.8337724711569,5106.399455325999,0.6764,2946.191765495036,0.6760016548622729,1936.8916563799808,4801.996742251442,0.6624,2985.6011310881527,0.6339717241508466
XGB_depth_3_lr_0.001_estimators_100_childweight_0.5_subsample_0.9_seed_1,3.0,0.001,100.0,0.5,0.9,1.0,1910.8337724711569,5106.399455325999,0.6775,2953.325551381809,0.6737692532799655,1936.8916563799808,4801.996742251442,0.665,2973.670902992084,0.6381356998999036
XGB_depth_3_lr_0.001_estimators_100_childweight_1_subsample_0.9_seed_1,3.0,0.001,100.0,1.0,0.9,1.0,1910.8337724711569,5106.399455325999,0.6775,2953.325551381809,0.6737692532799655,1936.8916563799808,4801.996742251442,0.665,2973.942806252516,0.6380407982288365
XGB_depth_3_lr_0.001_estimators_100_childweight_2_subsample_0.9_seed_1,3.0,0.001,100.0,2.0,0.9,1.0,1910.8337724711569,5106.399455325999,0.6775,2953.325551381809,0.6737692532799655,1936.8916563799808,4801.996742251442,0.6648,2973.955955990876,0.638036208610667
XGB_depth_2_lr_0.001_estimators_50_childweight_0.5_subsample_0.9_seed_1,2.0,0.001,50.0,0.5,0.9,1.0,1910.8337724711569,5106.399455325999,0.6748,2953.6443949557283,0.6736694763998876,1936.8916563799808,4801.996742251442,0.66,2990.615935193882,0.6322214204253538
XGB_depth_2_lr_0.001_estimators_50_childweight_2_subsample_0.9_seed_1,2.0,0.001,50.0,2.0,0.9,1.0,1910.8337724711569,5106.399455325999,0.6748,2953.6443949557283,0.6736694763998876,1936.8916563799808,4801.996742251442,0.66,2990.615935193882,0.6322214204253538
XGB_depth_2_lr_0.001_estimators_50_childweight_1_subsample_0.9_seed_1,2.0,0.001,50.0,1.0,0.9,1.0,1910.8337724711569,5106.399455325999,0.6748,2953.6443949557283,0.6736694763998876,1936.8916563799808,4801.996742251442,0.66,2990.615935193882,0.6322214204253538
XGB_depth_3_lr_0.001_estimators_50_childweight_2_subsample_0.6_seed_1,3.0,0.001,50.0,2.0,0.6,1.0,1910.8337724711569,5106.399455325999,0.6767,2955.9252750201235,0.672955712299643,1936.8916563799808,4801.996742251442,0.6618,2997.8240554139275,0.6297055894160164
XGB_depth_2_lr_0.001_estimators_100_childweight_2_subsample_0.6_seed_1,2.0,0.001,100.0,2.0,0.6,1.0,1910.8337724711569,5106.399455325999,0.6751,2956.0017011000805,0.672931796008275,1936.8916563799808,4801.996742251442,0.6607,2991.0521957600968,0.632069153561438
XGB_depth_2_lr_0.001_estimators_100_childweight_1_subsample_0.6_seed_1,2.0,0.001,100.0,1.0,0.6,1.0,1910.8337724711569,5106.399455325999,0.6751,2956.0017011000805,0.672931796008275,1936.8916563799808,4801.996742251442,0.6607,2991.0521957600968,0.632069153561438
XGB_depth_2_lr_0.001_estimators_100_childweight_0.5_subsample_0.6_seed_1,2.0,0.001,100.0,0.5,0.6,1.0,1910.8337724711569,5106.399455325999,0.6751,2956.0017011000805,0.672931796008275,1936.8916563799808,4801.996742251442,0.6607,2991.0521957600968,0.632069153561438
XGB_depth_2_lr_0.001_estimators_200_childweight_2_subsample_0.7_seed_1,2.0,0.001,200.0,2.0,0.7,1.0,1910.8337724711569,5106.399455325999,0.6745,2956.159063590019,0.672882551991548,1936.8916563799808,4801.996742251442,0.6605,2993.2489098349656,0.6313024402964686
XGB_depth_2_lr_0.001_estimators_200_childweight_0.5_subsample_0.7_seed_1,2.0,0.001,200.0,0.5,0.7,1.0,1910.8337724711569,5106.399455325999,0.6745,2956.159063590019,0.672882551991548,1936.8916563799808,4801.996742251442,0.6605,2993.2489098349656,0.6313024402964686
XGB_depth_2_lr_0.001_estimators_200_childweight_1_subsample_0.7_seed_1,2.0,0.001,200.0,1.0,0.7,1.0,1910.8337724711569,5106.399455325999,0.6745,2956.159063590019,0.672882551991548,1936.8916563799808,4801.996742251442,0.6605,2993.2489098349656,0.6313024402964686
XGB_depth_2_lr_0.01_estimators_50_childweight_1_subsample_0.8_seed_1,2.0,0.01,50.0,1.0,0.8,1.0,1910.8337724711569,5106.399455325999,0.6743,2956.2283015830426,0.6728608850943865,1936.8916563799808,4801.996742251442,0.6609,2991.6173748825977,0.6318718905970573
XGB_depth_2_lr_0.01_estimators_50_childweight_2_subsample_0.8_seed_1,2.0,0.01,50.0,2.0,0.8,1.0,1910.8337724711569,5106.399455325999,0.6743,2956.2283015830426,0.6728608850943865,1936.8916563799808,4801.996742251442,0.6609,2991.6173748825977,0.6318718905970573
XGB_depth_2_lr_0.001_estimators_100_childweight_2_subsample_0.7_seed_1,2.0,0.001,100.0,2.0,0.7,1.0,1910.8337724711569,5106.399455325999,0.6745,2956.251368392809,0.6728536667136502,1936.8916563799808,4801.996742251442,0.6604,2988.078889037972,0.6331069188904612
XGB_depth_2_lr_0.001_estimators_100_childweight_1_subsample_0.7_seed_1,2.0,0.001,100.0,1.0,0.7,1.0,1910.8337724711569,5106.399455325999,0.6745,2956.251368392809,0.6728536667136502,1936.8916563799808,4801.996742251442,0.6604,2988.078889037972,0.6331069188904612
XGB_depth_2_lr_0.001_estimators_100_childweight_0.5_subsample_0.7_seed_1,2.0,0.001,100.0,0.5,0.7,1.0,1910.8337724711569,5106.399455325999,0.6745,2956.251368392809,0.6728536667136502,1936.8916563799808,4801.996742251442,0.6604,2988.078889037972,0.6331069188904612
XGB_depth_2_lr_0.001_estimators_200_childweight_2_subsample_0.8_seed_1,2.0,0.001,200.0,2.0,0.8,1.0,1910.8337724711569,5106.399455325999,0.6743,2956.369645827744,0.6728166537254431,1936.8916563799808,4801.996742251442,0.6602,2993.701811351134,0.6311443652860957
XGB_depth_2_lr_0.001_estimators_200_childweight_1_subsample_0.8_seed_1,2.0,0.001,200.0,1.0,0.8,1.0,1910.8337724711569,5106.399455325999,0.6743,2956.369645827744,0.6728166537254431,1936.8916563799808,4801.996742251442,0.6602,2993.701811351134,0.6311443652860957
XGB_depth_2_lr_0.001_estimators_200_childweight_0.5_subsample_0.8_seed_1,2.0,0.001,200.0,0.5,0.8,1.0,1910.8337724711569,5106.399455325999,0.6743,2956.369645827744,0.6728166537254431,1936.8916563799808,4801.996742251442,0.6602,2993.701811351134,0.6311443652860957
XGB_depth_2_lr_0.001_estimators_50_childweight_0.5_subsample_0.6_seed_1,2.0,0.001,50.0,0.5,0.6,1.0,1910.8337724711569,5106.399455325999,0.6748,2957.253300241481,0.6725401285335252,1936.8916563799808,4801.996742251442,0.6601,2992.6736549040656,0.6315032199934286
XGB_depth_2_lr_0.001_estimators_50_childweight_1_subsample_0.6_seed_1,2.0,0.001,50.0,1.0,0.6,1.0,1910.8337724711569,5106.399455325999,0.6748,2957.253300241481,0.6725401285335252,1936.8916563799808,4801.996742251442,0.6602,2989.329095666175,0.6326705625995981
XGB_depth_2_lr_0.001_estimators_50_childweight_2_subsample_0.6_seed_1,2.0,0.001,50.0,2.0,0.6,1.0,1910.8337724711569,5106.399455325999,0.6748,2957.253300241481,0.6725401285335252,1936.8916563799808,4801.996742251442,0.6601,2992.6736549040656,0.6315032199934286
XGB_depth_3_lr_0.001_estimators_50_childweight_0.5_subsample_0.6_seed_1,3.0,0.001,50.0,0.5,0.6,1.0,1910.8337724711569,5106.399455325999,0.6764,2957.267944727663,0.672535545781163,1936.8916563799808,4801.996742251442,0.6617,2998.16135784248,0.6295878616474204
XGB_depth_3_lr_0.001_estimators_50_childweight_1_subsample_0.6_seed_1,3.0,0.001,50.0,1.0,0.6,1.0,1910.8337724711569,5106.399455325999,0.6764,2957.267944727663,0.672535545781163,1936.8916563799808,4801.996742251442,0.6617,2998.16135784248,0.6295878616474204
XGB_depth_2_lr_0.001_estimators_50_childweight_2_subsample_0.7_seed_1,2.0,0.001,50.0,2.0,0.7,1.0,1910.8337724711569,5106.399455325999,0.6743,2957.593160719077,0.6724337747572848,1936.8916563799808,4801.996742251442,0.6598,2989.993091372601,0.6324388099460216
XGB_depth_2_lr_0.01_estimators_50_childweight_1_subsample_0.9_seed_1,2.0,0.01,50.0,1.0,0.9,1.0,1910.8337724711569,5106.399455325999,0.674,2957.983753689294,0.6723115450774779,1936.8916563799808,4801.996742251442,0.66,2991.9850395813764,0.6317435655661215
XGB_depth_2_lr_0.01_estimators_50_childweight_2_subsample_0.9_seed_1,2.0,0.01,50.0,2.0,0.9,1.0,1910.8337724711569,5106.399455325999,0.674,2957.983753689294,0.6723115450774779,1936.8916563799808,4801.996742251442,0.66,2991.9850395813764,0.6317435655661215
XGB_depth_2_lr_0.01_estimators_50_childweight_0.5_subsample_0.9_seed_1,2.0,0.01,50.0,0.5,0.9,1.0,1910.8337724711569,5106.399455325999,0.674,2957.983753689294,0.6723115450774779,1936.8916563799808,4801.996742251442,0.66,2991.9850395813764,0.6317435655661215
XGB_depth_3_lr_0.001_estimators_200_childweight_0.5_subsample_0.6_seed_1,3.0,0.001,200.0,0.5,0.6,1.0,1910.8337724711569,5106.399455325999,0.6761,2958.6096377783742,0.6721156848914589,1936.8916563799808,4801.996742251442,0.6617,3007.2868838051795,0.6264028036166698
XGB_depth_3_lr_0.001_estimators_200_childweight_1_subsample_0.6_seed_1,3.0,0.001,200.0,1.0,0.6,1.0,1910.8337724711569,5106.399455325999,0.6761,2958.6096377783742,0.6721156848914589,1936.8916563799808,4801.996742251442,0.6616,3007.297638534818,0.6263990499220178
XGB_depth_3_lr_0.001_estimators_200_childweight_2_subsample_0.6_seed_1,3.0,0.001,200.0,2.0,0.6,1.0,1910.8337724711569,5106.399455325999,0.6759,2958.820220016099,0.6720497866253539,1936.8916563799808,4801.996742251442,0.6616,3007.297638534818,0.6263990499220178
XGB_depth_2_lr_0.001_estimators_100_childweight_2_subsample_0.8_seed_1,2.0,0.001,100.0,2.0,0.8,1.0,1910.8337724711569,5106.399455325999,0.6737,2959.7861228870406,0.6717475231243644,1936.8916563799808,4801.996742251442,0.6597,2989.048240305917,0.6327685887982333
XGB_depth_2_lr_0.001_estimators_100_childweight_1_subsample_0.8_seed_1,2.0,0.001,100.0,1.0,0.8,1.0,1910.8337724711569,5106.399455325999,0.6737,2959.7861228870406,0.6717475231243644,1936.8916563799808,4801.996742251442,0.6597,2989.048240305917,0.6327685887982333
XGB_depth_3_lr_0.01_estimators_100_childweight_2_subsample_0.6_seed_1,3.0,0.01,100.0,2.0,0.6,1.0,1910.8337724711569,5106.399455325999,0.6788,2960.892138449155,0.6714014136489597,1936.8916563799808,4801.996742251442,0.6632,3012.492425868777,0.6245859271295672
XGB_depth_3_lr_0.01_estimators_100_childweight_0.5_subsample_0.6_seed_1,3.0,0.01,100.0,0.5,0.6,1.0,1910.8337724711569,5106.399455325999,0.6788,2960.892138449155,0.6714014136489597,1936.8916563799808,4801.996742251442,0.6632,3010.005806386689,0.6254538253069675
XGB_depth_3_lr_0.01_estimators_50_childweight_0.5_subsample_0.9_seed_1,3.0,0.01,50.0,0.5,0.9,1.0,1910.8337724711569,5106.399455325999,0.6778,2961.5237724711565,0.6712037541155035,1936.8916563799808,4801.996742251442,0.6632,3006.838615322689,0.6265592615716331
XGB_depth_3_lr_0.01_estimators_50_childweight_1_subsample_0.9_seed_1,3.0,0.01,50.0,1.0,0.9,1.0,1910.8337724711569,5106.399455325999,0.6778,2961.5237724711565,0.6712037541155035,1936.8916563799808,4801.996742251442,0.6632,3006.838615322689,0.6265592615716331
XGB_depth_3_lr_0.01_estimators_50_childweight_2_subsample_0.9_seed_1,3.0,0.01,50.0,2.0,0.9,1.0,1910.8337724711569,5106.399455325999,0.6778,2961.5237724711565,0.6712037541155035,1936.8916563799808,4801.996742251442,0.663,3006.8518079967803,0.6265546569677195
XGB_depth_3_lr_0.01_estimators_100_childweight_0.5_subsample_0.7_seed_1,3.0,0.01,100.0,0.5,0.7,1.0,1910.8337724711569,5106.399455325999,0.6783,2962.133952240408,0.6710128083394473,1936.8916563799808,4801.996742251442,0.6642,3002.8027794176846,0.6279678786324544
XGB_depth_3_lr_0.01_estimators_100_childweight_1_subsample_0.7_seed_1,3.0,0.01,100.0,1.0,0.7,1.0,1910.8337724711569,5106.399455325999,0.6783,2962.133952240408,0.6710128083394473,1936.8916563799808,4801.996742251442,0.664,3003.1514108412725,0.6278461967348838
XGB_depth_3_lr_0.01_estimators_100_childweight_2_subsample_0.7_seed_1,3.0,0.01,100.0,2.0,0.7,1.0,1910.8337724711569,5106.399455325999,0.678,2962.652817279313,0.6708504380143154,1936.8916563799808,4801.996742251442,0.6642,3008.2596135784247,0.6260632943337321
XGB_depth_2_lr_0.01_estimators_100_childweight_1_subsample_0.8_seed_1,2.0,0.01,100.0,1.0,0.8,1.0,1910.8337724711569,5106.399455325999,0.6759,2963.492291387174,0.6705877383263179,1936.8916563799808,4801.996742251442,0.6615,3001.87667986046,0.628291112695244
XGB_depth_3_lr_0.01_estimators_50_childweight_2_subsample_0.8_seed_1,3.0,0.01,50.0,2.0,0.8,1.0,1910.8337724711569,5106.399455325999,0.6775,2963.880643949557,0.670466209745489,1936.8916563799808,4801.996742251442,0.6626,3013.120281765732,0.624366788257471
XGB_depth_3_lr_0.01_estimators_50_childweight_0.5_subsample_0.8_seed_1,3.0,0.01,50.0,0.5,0.8,1.0,1910.8337724711569,5106.399455325999,0.6775,2963.880643949557,0.670466209745489,1936.8916563799808,4801.996742251442,0.6627,3009.770452837784,0.6255359701295312
XGB_depth_3_lr_0.01_estimators_50_childweight_1_subsample_0.8_seed_1,3.0,0.01,50.0,1.0,0.8,1.0,1910.8337724711569,5106.399455325999,0.6775,2963.880643949557,0.670466209745489,1936.8916563799808,4801.996742251442,0.6627,3009.775722527841,0.6255341308636406
XGB_depth_2_lr_0.01_estimators_100_childweight_0.5_subsample_0.8_seed_1,2.0,0.01,100.0,0.5,0.8,1.0,1910.8337724711569,5106.399455325999,0.6756,2964.834083713442,0.6701678463699527,1936.8916563799808,4801.996742251442,0.6614,3001.8613658929294,0.6282964576885587
XGB_depth_2_lr_0.01_estimators_100_childweight_2_subsample_0.8_seed_1,2.0,0.01,100.0,2.0,0.8,1.0,1910.8337724711569,5106.399455325999,0.6756,2964.834083713442,0.6701678463699527,1936.8916563799808,4801.996742251442,0.6615,3004.4848329531733,0.6273807959653008
XGB_depth_3_lr_0.01_estimators_50_childweight_1_subsample_0.7_seed_1,3.0,0.01,50.0,1.0,0.7,1.0,1910.8337724711569,5106.399455325999,0.6772,2964.948878454521,0.6701319232338098,1936.8916563799808,4801.996742251442,0.6624,3008.026106936804,0.6261447945351636
XGB_depth_3_lr_0.001_estimators_200_childweight_2_subsample_0.8_seed_1,3.0,0.001,200.0,2.0,0.8,1.0,1910.8337724711569,5106.399455325999,0.6764,2965.7879581432785,0.6698693469728181,1936.8916563799808,4801.996742251442,0.6617,3011.540003354354,0.6249183486240246
XGB_depth_3_lr_0.001_estimators_200_childweight_1_subsample_0.8_seed_1,3.0,0.001,200.0,1.0,0.8,1.0,1910.8337724711569,5106.399455325999,0.6764,2965.7879581432785,0.6698693469728181,1936.8916563799808,4801.996742251442,0.6619,3011.1132174963104,0.6250673085557732
XGB_depth_3_lr_0.001_estimators_200_childweight_0.5_subsample_0.8_seed_1,3.0,0.001,200.0,0.5,0.8,1.0,1910.8337724711569,5106.399455325999,0.6764,2965.7879581432785,0.6698693469728181,1936.8916563799808,4801.996742251442,0.6618,3011.1377123306056,0.6250587591889748
XGB_depth_3_lr_0.001_estimators_200_childweight_2_subsample_0.9_seed_1,3.0,0.001,200.0,2.0,0.9,1.0,1910.8337724711569,5106.399455325999,0.6788,2965.934381540113,0.669823526166311,1936.8916563799808,4801.996742251442,0.6636,3007.548894404937,0.6263113547546193
XGB_depth_3_lr_0.001_estimators_200_childweight_1_subsample_0.9_seed_1,3.0,0.001,200.0,1.0,0.9,1.0,1910.8337724711569,5106.399455325999,0.6788,2965.934381540113,0.669823526166311,1936.8916563799808,4801.996742251442,0.6636,3007.8711854286867,0.6261988663766751
XGB_depth_3_lr_0.001_estimators_200_childweight_0.5_subsample_0.9_seed_1,3.0,0.001,200.0,0.5,0.9,1.0,1910.8337724711569,5106.399455325999,0.6788,2965.934381540113,0.669823526166311,1936.8916563799808,4801.996742251442,0.6635,3007.968558298672,0.626164880583112
XGB_depth_3_lr_0.01_estimators_50_childweight_0.5_subsample_0.7_seed_1,3.0,0.01,50.0,0.5,0.7,1.0,1910.8337724711569,5106.399455325999,0.677,2966.2918889187017,0.6697116500811138,1936.8916563799808,4801.996742251442,0.6624,3007.7091822085067,0.6262554099292934
XGB_depth_3_lr_0.01_estimators_50_childweight_2_subsample_0.6_seed_1,3.0,0.01,50.0,2.0,0.6,1.0,1910.8337724711569,5106.399455325999,0.6772,2966.5705151596453,0.6696244585574225,1936.8916563799808,4801.996742251442,0.662,3005.162116597344,0.6271444054581917
XGB_depth_3_lr_0.01_estimators_50_childweight_1_subsample_0.6_seed_1,3.0,0.01,50.0,1.0,0.6,1.0,1910.8337724711569,5106.399455325999,0.6772,2966.5705151596453,0.6696244585574225,1936.8916563799808,4801.996742251442,0.6619,3005.2827800885552,0.6271022906011112
XGB_depth_3_lr_0.01_estimators_50_childweight_0.5_subsample_0.6_seed_1,3.0,0.01,50.0,0.5,0.6,1.0,1910.8337724711569,5106.399455325999,0.6772,2966.5705151596453,0.6696244585574225,1936.8916563799808,4801.996742251442,0.6619,3005.716233060512,0.6269510036643444
XGB_depth_3_lr_0.01_estimators_50_childweight_2_subsample_0.7_seed_1,3.0,0.01,50.0,2.0,0.7,1.0,1910.8337724711569,5106.399455325999,0.677,2967.4856211430106,0.6693380911113471,1936.8916563799808,4801.996742251442,0.6625,3007.3789648463708,0.6263706648160214
XGB_depth_2_lr_0.01_estimators_50_childweight_0.5_subsample_0.8_seed_1,2.0,0.01,50.0,0.5,0.8,1.0,1910.8337724711569,5106.399455325999,0.6743,2969.405014757177,0.6687374482816706,1936.8916563799808,4801.996742251442,0.6609,2998.452021333691,0.6294864121429522
XGB_depth_2_lr_0.001_estimators_50_childweight_1_subsample_0.7_seed_1,2.0,0.001,50.0,1.0,0.7,1.0,1910.8337724711569,5106.399455325999,0.6743,2970.769873893212,0.6683103379445691,1936.8916563799808,4801.996742251442,0.6599,2996.654700120757,0.6301137263806733
XGB_depth_2_lr_0.001_estimators_50_childweight_0.5_subsample_0.7_seed_1,2.0,0.001,50.0,0.5,0.7,1.0,1910.8337724711569,5106.399455325999,0.6743,2970.769873893212,0.6683103379445691,1936.8916563799808,4801.996742251442,0.6599,2996.654700120757,0.6301137263806733
XGB_depth_2_lr_0.001_estimators_50_childweight_1_subsample_0.8_seed_1,2.0,0.001,50.0,1.0,0.8,1.0,1910.8337724711569,5106.399455325999,0.6745,2971.040877381272,0.6682255318366821,1936.8916563799808,4801.996742251442,0.66,2989.5461820743326,0.6325947935085348
XGB_depth_2_lr_0.001_estimators_50_childweight_0.5_subsample_0.8_seed_1,2.0,0.001,50.0,0.5,0.8,1.0,1910.8337724711569,5106.399455325999,0.6745,2971.040877381272,0.6682255318366821,1936.8916563799808,4801.996742251442,0.66,2989.5461820743326,0.6325947935085348
XGB_depth_2_lr_0.001_estimators_50_childweight_2_subsample_0.8_seed_1,2.0,0.001,50.0,2.0,0.8,1.0,1910.8337724711569,5106.399455325999,0.6745,2971.040877381272,0.6682255318366821,1936.8916563799808,4801.996742251442,0.66,2989.5461820743326,0.6325947935085348
XGB_depth_3_lr_0.001_estimators_100_childweight_0.5_subsample_0.6_seed_1,3.0,0.001,100.0,0.5,0.6,1.0,1910.8337724711569,5106.399455325999,0.6761,2971.981419372149,0.6679312046081969,1936.8916563799808,4801.996742251442,0.6615,3001.9165523950087,0.6282771960906678
XGB_depth_3_lr_0.001_estimators_100_childweight_1_subsample_0.6_seed_1,3.0,0.001,100.0,1.0,0.6,1.0,1910.8337724711569,5106.399455325999,0.6761,2971.981419372149,0.6679312046081969,1936.8916563799808,4801.996742251442,0.6615,3001.591707366161,0.6283905758862115
XGB_depth_3_lr_0.001_estimators_200_childweight_0.5_subsample_0.7_seed_1,3.0,0.001,200.0,0.5,0.7,1.0,1910.8337724711569,5106.399455325999,0.6761,2971.981419372149,0.6679312046081969,1936.8916563799808,4801.996742251442,0.6617,3010.0729504897363,0.6254303901794469
XGB_depth_3_lr_0.001_estimators_200_childweight_1_subsample_0.7_seed_1,3.0,0.001,200.0,1.0,0.7,1.0,1910.8337724711569,5106.399455325999,0.6761,2971.981419372149,0.6679312046081969,1936.8916563799808,4801.996742251442,0.6617,3010.0729504897363,0.6254303901794469
XGB_depth_3_lr_0.001_estimators_200_childweight_2_subsample_0.7_seed_1,3.0,0.001,200.0,2.0,0.7,1.0,1910.8337724711569,5106.399455325999,0.6761,2971.981419372149,0.6679312046081969,1936.8916563799808,4801.996742251442,0.6618,3010.070509861801,0.6254312420253173
XGB_depth_3_lr_0.001_estimators_100_childweight_2_subsample_0.6_seed_1,3.0,0.001,100.0,2.0,0.6,1.0,1910.8337724711569,5106.399455325999,0.6761,2971.981419372149,0.6679312046081969,1936.8916563799808,4801.996742251442,0.6615,3004.61061049242,0.6273368961656507
XGB_depth_3_lr_0.01_estimators_100_childweight_2_subsample_0.8_seed_1,3.0,0.01,100.0,2.0,0.8,1.0,1910.8337724711569,5106.399455325999,0.6788,2972.112015025489,0.6678903368350696,1936.8916563799808,4801.996742251442,0.6642,3013.657381591306,0.6241793257353379
XGB_depth_2_lr_0.001_estimators_100_childweight_0.5_subsample_0.8_seed_1,2.0,0.001,100.0,0.5,0.8,1.0,1910.8337724711569,5106.399455325999,0.6737,2972.9628360611755,0.6676240863116486,1936.8916563799808,4801.996742251442,0.6597,2995.709849054072,0.6304435052328851
XGB_depth_2_lr_0.001_estimators_100_childweight_2_subsample_0.9_seed_1,2.0,0.001,100.0,2.0,0.9,1.0,1910.8337724711569,5106.399455325999,0.6735,2973.245339415079,0.6675356815088873,1936.8916563799808,4801.996742251442,0.6596,3001.8575412585533,0.6282977925905122
XGB_depth_2_lr_0.001_estimators_100_childweight_0.5_subsample_0.9_seed_1,2.0,0.001,100.0,0.5,0.9,1.0,1910.8337724711569,5106.399455325999,0.6735,2973.245339415079,0.6675356815088873,1936.8916563799808,4801.996742251442,0.6596,3001.586669797397,0.6283923341354252
XGB_depth_2_lr_0.001_estimators_100_childweight_1_subsample_0.9_seed_1,2.0,0.001,100.0,1.0,0.9,1.0,1910.8337724711569,5106.399455325999,0.6735,2973.245339415079,0.6675356815088873,1936.8916563799808,4801.996742251442,0.6596,3001.8575412585533,0.6282977925905122
XGB_depth_3_lr_0.01_estimators_100_childweight_1_subsample_0.6_seed_1,3.0,0.01,100.0,1.0,0.6,1.0,1910.8337724711569,5106.399455325999,0.6783,2974.5886986852693,0.6671152992030571,1936.8916563799808,4801.996742251442,0.6631,3010.1931832819,0.6253884256481088
XGB_depth_2_lr_0.001_estimators_200_childweight_0.5_subsample_0.9_seed_1,2.0,0.001,200.0,0.5,0.9,1.0,1910.8337724711569,5106.399455325999,0.6732,2975.775768714784,0.6667438250581559,1936.8916563799808,4801.996742251442,0.6597,3001.774851066685,0.6283266537280237
XGB_depth_2_lr_0.001_estimators_200_childweight_2_subsample_0.9_seed_1,2.0,0.001,200.0,2.0,0.9,1.0,1910.8337724711569,5106.399455325999,0.6732,2975.775768714784,0.6667438250581559,1936.8916563799808,4801.996742251442,0.6597,3001.774851066685,0.6283266537280237
XGB_depth_2_lr_0.001_estimators_200_childweight_1_subsample_0.9_seed_1,2.0,0.001,200.0,1.0,0.9,1.0,1910.8337724711569,5106.399455325999,0.6732,2975.775768714784,0.6667438250581559,1936.8916563799808,4801.996742251442,0.6597,3001.774851066685,0.6283266537280237
XGB_depth_2_lr_0.01_estimators_100_childweight_0.5_subsample_0.7_seed_1,2.0,0.01,100.0,0.5,0.7,1.0,1910.8337724711569,5106.399455325999,0.6753,2978.869627045881,0.6657756527099246,1936.8916563799808,4801.996742251442,0.6611,3005.7035972091776,0.6269554139218936
XGB_depth_2_lr_0.01_estimators_100_childweight_1_subsample_0.7_seed_1,2.0,0.01,100.0,1.0,0.7,1.0,1910.8337724711569,5106.399455325999,0.6753,2978.869627045881,0.6657756527099246,1936.8916563799808,4801.996742251442,0.6611,3005.7035972091776,0.6269554139218936
XGB_depth_2_lr_0.01_estimators_100_childweight_2_subsample_0.7_seed_1,2.0,0.01,100.0,2.0,0.7,1.0,1910.8337724711569,5106.399455325999,0.6751,2979.018006439496,0.6657292198062259,1936.8916563799808,4801.996742251442,0.6611,3005.7035972091776,0.6269554139218936
XGB_depth_3_lr_0.01_estimators_200_childweight_0.5_subsample_0.6_seed_1,3.0,0.01,200.0,0.5,0.6,1.0,1910.8337724711569,5106.399455325999,0.6796,2980.1738717467138,0.6653675106686482,1936.8916563799808,4801.996742251442,0.6725,3003.8892788139,0.6275886606409143
XGB_depth_3_lr_0.01_estimators_100_childweight_1_subsample_0.8_seed_1,3.0,0.01,100.0,1.0,0.8,1.0,1910.8337724711569,5106.399455325999,0.6786,2986.517327609337,0.663382429937353,1936.8916563799808,4801.996742251442,0.6645,3010.559011807325,0.6252607414918696
XGB_depth_3_lr_0.01_estimators_100_childweight_0.5_subsample_0.8_seed_1,3.0,0.01,100.0,0.5,0.8,1.0,1910.8337724711569,5106.399455325999,0.6786,2986.650469546552,0.6633407653463452,1936.8916563799808,4801.996742251442,0.6646,3010.321593318128,0.625343607035046
XGB_depth_3_lr_0.01_estimators_100_childweight_2_subsample_0.9_seed_1,3.0,0.01,100.0,2.0,0.9,1.0,1910.8337724711569,5106.399455325999,0.6783,2988.268631607191,0.6628343880031033,1936.8916563799808,4801.996742251442,0.6641,3014.6709110425327,0.6238255762494205
XGB_depth_3_lr_0.01_estimators_100_childweight_0.5_subsample_0.9_seed_1,3.0,0.01,100.0,0.5,0.9,1.0,1910.8337724711569,5106.399455325999,0.6786,2989.2097290045613,0.6625398869692426,1936.8916563799808,4801.996742251442,0.6644,3017.639237219911,0.62278954926667
XGB_depth_3_lr_0.01_estimators_100_childweight_1_subsample_0.9_seed_1,3.0,0.01,100.0,1.0,0.9,1.0,1910.8337724711569,5106.399455325999,0.678,2990.7889267507376,0.6620457028707435,1936.8916563799808,4801.996742251442,0.6642,3011.0265282436603,0.6250975654748223
XGB_depth_3_lr_0.01_estimators_200_childweight_1_subsample_0.7_seed_1,3.0,0.01,200.0,1.0,0.7,1.0,1910.8337724711569,5106.399455325999,0.681,2993.4363268044003,0.6612172423362388,1936.8916563799808,4801.996742251442,0.6743,2995.3112075674226,0.6305826420096181
XGB_depth_3_lr_0.01_estimators_200_childweight_1_subsample_0.6_seed_1,3.0,0.01,200.0,1.0,0.6,1.0,1910.8337724711569,5106.399455325999,0.6794,3002.9796592433595,0.6582308125813563,1936.8916563799808,4801.996742251442,0.6727,3006.922724406279,0.6265299052021216
XGB_depth_3_lr_0.01_estimators_200_childweight_0.5_subsample_0.7_seed_1,3.0,0.01,200.0,0.5,0.7,1.0,1910.8337724711569,5106.399455325999,0.681,3004.1307432251137,0.6578705996813585,1936.8916563799808,4801.996742251442,0.6741,2998.522142761304,0.6294619378477653
XGB_depth_2_lr_0.01_estimators_100_childweight_2_subsample_0.6_seed_1,2.0,0.01,100.0,2.0,0.6,1.0,1910.8337724711569,5106.399455325999,0.6748,3005.7871263751003,0.6573522616735143,1936.8916563799808,4801.996742251442,0.6609,3015.412162887428,0.6235668590915225
XGB_depth_3_lr_0.01_estimators_200_childweight_2_subsample_0.6_seed_1,3.0,0.01,200.0,2.0,0.6,1.0,1910.8337724711569,5106.399455325999,0.6786,3006.5946579017973,0.6570995578937017,1936.8916563799808,4801.996742251442,0.6725,3007.204429759828,0.6264315823325912
XGB_depth_3_lr_0.01_estimators_200_childweight_2_subsample_0.7_seed_1,3.0,0.01,200.0,2.0,0.7,1.0,1910.8337724711569,5106.399455325999,0.6807,3006.808041320097,0.657032783043964,1936.8916563799808,4801.996742251442,0.6736,3002.5138668992354,0.6280687169995613
XGB_depth_2_lr_0.01_estimators_100_childweight_0.5_subsample_0.6_seed_1,2.0,0.01,100.0,0.5,0.6,1.0,1910.8337724711569,5106.399455325999,0.6745,3007.129178964314,0.656932288272118,1936.8916563799808,4801.996742251442,0.661,3009.030868106803,0.6257941054190981
XGB_depth_2_lr_0.01_estimators_100_childweight_1_subsample_0.6_seed_1,2.0,0.01,100.0,1.0,0.6,1.0,1910.8337724711569,5106.399455325999,0.6745,3007.129178964314,0.656932288272118,1936.8916563799808,4801.996742251442,0.661,3009.030868106803,0.6257941054190981
XGB_depth_4_lr_0.01_estimators_100_childweight_2_subsample_0.6_seed_1,4.0,0.01,100.0,2.0,0.6,1.0,1910.8337724711569,5106.399455325999,0.6931,3025.1031580359536,0.6513076255815418,1936.8916563799808,4801.996742251442,0.6806,3006.1911277337986,0.6267852524408977
XGB_depth_2_lr_0.01_estimators_100_childweight_0.5_subsample_0.9_seed_1,2.0,0.01,100.0,0.5,0.9,1.0,1910.8337724711569,5106.399455325999,0.6751,3028.953337805205,0.6501027748128942,1936.8916563799808,4801.996742251442,0.6607,3047.6741781832816,0.6123065337879428
XGB_depth_2_lr_0.01_estimators_100_childweight_2_subsample_0.9_seed_1,2.0,0.01,100.0,2.0,0.9,1.0,1910.8337724711569,5106.399455325999,0.6751,3028.953337805205,0.6501027748128942,1936.8916563799808,4801.996742251442,0.6607,3047.6741781832816,0.6123065337879428
XGB_depth_2_lr_0.01_estimators_100_childweight_1_subsample_0.9_seed_1,2.0,0.01,100.0,1.0,0.9,1.0,1910.8337724711569,5106.399455325999,0.6751,3028.953337805205,0.6501027748128942,1936.8916563799808,4801.996742251442,0.6607,3047.6741781832816,0.6123065337879428
XGB_depth_2_lr_0.01_estimators_200_childweight_0.5_subsample_0.6_seed_1,2.0,0.01,200.0,0.5,0.6,1.0,1910.8337724711569,5106.399455325999,0.6737,3031.848223772471,0.649196867610674,1936.8916563799808,4801.996742251442,0.6623,3041.1377431906617,0.614587928290662
XGB_depth_2_lr_0.01_estimators_200_childweight_2_subsample_0.6_seed_1,2.0,0.01,200.0,2.0,0.6,1.0,1910.8337724711569,5106.399455325999,0.6737,3031.848738932117,0.6491967063998909,1936.8916563799808,4801.996742251442,0.6624,3043.475546759694,0.6137719709351845
XGB_depth_2_lr_0.01_estimators_200_childweight_1_subsample_0.6_seed_1,2.0,0.01,200.0,1.0,0.6,1.0,1910.8337724711569,5106.399455325999,0.6735,3033.1904614971827,0.6487768362741525,1936.8916563799808,4801.996742251442,0.6624,3040.4665047631825,0.6148222088518844
XGB_depth_2_lr_0.01_estimators_200_childweight_0.5_subsample_0.7_seed_1,2.0,0.01,200.0,0.5,0.7,1.0,1910.8337724711569,5106.399455325999,0.6753,3037.131328145962,0.6475436065302222,1936.8916563799808,4801.996742251442,0.6636,3040.756565812425,0.6147209696161325
XGB_depth_2_lr_0.01_estimators_200_childweight_1_subsample_0.7_seed_1,2.0,0.01,200.0,1.0,0.7,1.0,1910.8337724711569,5106.399455325999,0.6753,3037.131328145962,0.6475436065302222,1936.8916563799808,4801.996742251442,0.6637,3040.834050717832,0.614693925265896
XGB_depth_2_lr_0.01_estimators_200_childweight_2_subsample_0.7_seed_1,2.0,0.01,200.0,2.0,0.7,1.0,1910.8337724711569,5106.399455325999,0.6751,3038.473158035954,0.6471237028189041,1936.8916563799808,4801.996742251442,0.6634,3041.3702958540184,0.6145067610537241
XGB_depth_3_lr_0.01_estimators_200_childweight_0.5_subsample_0.8_seed_1,3.0,0.01,200.0,0.5,0.8,1.0,1910.8337724711569,5106.399455325999,0.6812,3042.460713710759,0.645875862508126,1936.8916563799808,4801.996742251442,0.6736,3008.975701059976,0.6258133602265743
XGB_depth_4_lr_0.01_estimators_100_childweight_1_subsample_0.7_seed_1,4.0,0.01,100.0,1.0,0.7,1.0,1910.8337724711569,5106.399455325999,0.6925,3053.291642071371,0.6424865006750324,1936.8916563799808,4801.996742251442,0.6808,2985.637752582853,0.6339589422480532
XGB_depth_3_lr_0.01_estimators_200_childweight_1_subsample_0.8_seed_1,3.0,0.01,200.0,1.0,0.8,1.0,1910.8337724711569,5106.399455325999,0.6812,3057.1677622752886,0.6412735322717497,1936.8916563799808,4801.996742251442,0.6737,3005.4360888232927,0.6270487816615986
XGB_depth_4_lr_0.01_estimators_100_childweight_0.5_subsample_0.7_seed_1,4.0,0.01,100.0,0.5,0.7,1.0,1910.8337724711569,5106.399455325999,0.6914,3058.095350147572,0.640983258822745,1936.8916563799808,4801.996742251442,0.6813,2982.200876157252,0.6351585060764618
XGB_depth_3_lr_0.01_estimators_200_childweight_2_subsample_0.8_seed_1,3.0,0.01,200.0,2.0,0.8,1.0,1910.8337724711569,5106.399455325999,0.6804,3059.20035685538,0.6406374650517903,1936.8916563799808,4801.996742251442,0.6738,3006.91594257346,0.6265322722471743
XGB_depth_2_lr_0.01_estimators_200_childweight_2_subsample_0.8_seed_1,2.0,0.01,200.0,2.0,0.8,1.0,1910.8337724711569,5106.399455325999,0.6753,3062.960525892139,0.6394607816692726,1936.8916563799808,4801.996742251442,0.6637,3047.899976519522,0.6122277239958154
XGB_depth_2_lr_0.01_estimators_200_childweight_1_subsample_0.9_seed_1,2.0,0.01,200.0,1.0,0.9,1.0,1910.8337724711569,5106.399455325999,0.6753,3063.342009659242,0.6393414025655506,1936.8916563799808,4801.996742251442,0.6644,3063.887143432175,0.6066477656928934
XGB_depth_2_lr_0.01_estimators_200_childweight_2_subsample_0.9_seed_1,2.0,0.01,200.0,2.0,0.9,1.0,1910.8337724711569,5106.399455325999,0.6753,3063.342009659242,0.6393414025655506,1936.8916563799808,4801.996742251442,0.6644,3063.887143432175,0.6066477656928934
XGB_depth_2_lr_0.01_estimators_200_childweight_0.5_subsample_0.9_seed_1,2.0,0.01,200.0,0.5,0.9,1.0,1910.8337724711569,5106.399455325999,0.6753,3063.342009659242,0.6393414025655506,1936.8916563799808,4801.996742251442,0.6644,3067.23361599356,0.6054797552845188
XGB_depth_4_lr_0.01_estimators_100_childweight_1_subsample_0.6_seed_1,4.0,0.01,100.0,1.0,0.6,1.0,1910.8337724711569,5106.399455325999,0.6928,3065.0263536356315,0.6388143146745315,1936.8916563799808,4801.996742251442,0.6811,3026.065583657588,0.6198485240040263
XGB_depth_4_lr_0.01_estimators_100_childweight_0.5_subsample_0.6_seed_1,4.0,0.01,100.0,0.5,0.6,1.0,1910.8337724711569,5106.399455325999,0.6928,3065.387459082372,0.6387013126327719,1936.8916563799808,4801.996742251442,0.6811,3017.13354018516,0.6229660513563297
XGB_depth_2_lr_0.01_estimators_200_childweight_1_subsample_0.8_seed_1,2.0,0.01,200.0,1.0,0.8,1.0,1910.8337724711569,5106.399455325999,0.6751,3075.918725516501,0.6354057250970084,1936.8916563799808,4801.996742251442,0.6636,3047.900230108681,0.6122276354862665
XGB_depth_2_lr_0.01_estimators_200_childweight_0.5_subsample_0.8_seed_1,2.0,0.01,200.0,0.5,0.8,1.0,1910.8337724711569,5106.399455325999,0.6751,3075.918725516501,0.6354057250970084,1936.8916563799808,4801.996742251442,0.6636,3047.900214007782,0.6122276411059204
XGB_depth_4_lr_0.01_estimators_200_childweight_1_subsample_0.6_seed_1,4.0,0.01,200.0,1.0,0.6,1.0,1910.8337724711569,5106.399455325999,0.6957,3089.5837483230475,0.631129479773727,1936.8916563799808,4801.996742251442,0.6948,3001.135204615591,0.6285499078258395
XGB_depth_4_lr_0.01_estimators_200_childweight_2_subsample_0.6_seed_1,4.0,0.01,200.0,2.0,0.6,1.0,1910.8337724711569,5106.399455325999,0.696,3089.8281191306683,0.6310530079274647,1936.8916563799808,4801.996742251442,0.6949,3007.114857104522,0.6264628456379925
XGB_depth_4_lr_0.01_estimators_200_childweight_2_subsample_0.7_seed_1,4.0,0.01,200.0,2.0,0.7,1.0,1910.8337724711569,5106.399455325999,0.6952,3095.8120123423664,0.6291804464452195,1936.8916563799808,4801.996742251442,0.6942,2961.533549577352,0.6423719680474786
XGB_depth_4_lr_0.01_estimators_200_childweight_0.5_subsample_0.6_seed_1,4.0,0.01,200.0,0.5,0.6,1.0,1910.8337724711569,5106.399455325999,0.696,3102.018033270728,0.6272383737281235,1936.8916563799808,4801.996742251442,0.6958,2994.118681738897,0.63099886612454
XGB_depth_4_lr_0.01_estimators_100_childweight_2_subsample_0.7_seed_1,4.0,0.01,100.0,2.0,0.7,1.0,1910.8337724711569,5106.399455325999,0.692,3105.306144352026,0.626209413159752,1936.8916563799808,4801.996742251442,0.6809,3004.24966053938,0.6274628775667588
XGB_depth_4_lr_0.01_estimators_200_childweight_0.5_subsample_0.7_seed_1,4.0,0.01,200.0,0.5,0.7,1.0,1910.8337724711569,5106.399455325999,0.6944,3110.4993989804125,0.624584269087061,1936.8916563799808,4801.996742251442,0.6952,2955.259512276936,0.6445617785823016
XGB_depth_3_lr_0.01_estimators_200_childweight_2_subsample_0.9_seed_1,3.0,0.01,200.0,2.0,0.9,1.0,1910.8337724711569,5106.399455325999,0.6788,3126.019589482157,0.6197274793846883,1936.8916563799808,4801.996742251442,0.6741,3035.547104521669,0.6165392140206554
XGB_depth_4_lr_0.01_estimators_200_childweight_1_subsample_0.7_seed_1,4.0,0.01,200.0,1.0,0.7,1.0,1910.8337724711569,5106.399455325999,0.6947,3135.618940166353,0.6167235196364349,1936.8916563799808,4801.996742251442,0.695,2967.300825171072,0.6403590312019296
XGB_depth_3_lr_0.01_estimators_200_childweight_1_subsample_0.9_seed_1,3.0,0.01,200.0,1.0,0.9,1.0,1910.8337724711569,5106.399455325999,0.6794,3138.950896163134,0.6156808385190797,1936.8916563799808,4801.996742251442,0.6747,3031.9945820474973,0.617779141481498
XGB_depth_3_lr_0.01_estimators_200_childweight_0.5_subsample_0.9_seed_1,3.0,0.01,200.0,0.5,0.9,1.0,1910.8337724711569,5106.399455325999,0.6794,3138.950896163134,0.6156808385190797,1936.8916563799808,4801.996742251442,0.6755,3022.7831114987257,0.6209941965223046
XGB_depth_4_lr_0.01_estimators_100_childweight_2_subsample_0.8_seed_1,4.0,0.01,100.0,2.0,0.8,1.0,1910.8337724711569,5106.399455325999,0.6912,3149.946758787228,0.6122398632066053,1936.8916563799808,4801.996742251442,0.6829,3031.7364933583794,0.6178692214895196
XGB_depth_4_lr_0.01_estimators_200_childweight_1_subsample_0.8_seed_1,4.0,0.01,200.0,1.0,0.8,1.0,1910.8337724711569,5106.399455325999,0.6939,3151.909211161792,0.6116257458423173,1936.8916563799808,4801.996742251442,0.695,2980.930836575876,0.635601784610167
XGB_depth_4_lr_0.01_estimators_200_childweight_2_subsample_0.9_seed_1,4.0,0.01,200.0,2.0,0.9,1.0,1910.8337724711569,5106.399455325999,0.6941,3163.7467131741346,0.607921393252773,1936.8916563799808,4801.996742251442,0.6935,2966.2786019052733,0.6407158150668006
XGB_depth_4_lr_0.01_estimators_200_childweight_1_subsample_0.9_seed_1,4.0,0.01,200.0,1.0,0.9,1.0,1910.8337724711569,5106.399455325999,0.6947,3164.957434934264,0.6075425176857256,1936.8916563799808,4801.996742251442,0.6942,2972.81144371394,0.6384356746835099
XGB_depth_4_lr_0.01_estimators_200_childweight_0.5_subsample_0.9_seed_1,4.0,0.01,200.0,0.5,0.9,1.0,1910.8337724711569,5106.399455325999,0.6939,3165.244585457473,0.6074526586273592,1936.8916563799808,4801.996742251442,0.6939,2963.8448718636787,0.6415652533835995
XGB_depth_4_lr_0.01_estimators_100_childweight_0.5_subsample_0.8_seed_1,4.0,0.01,100.0,0.5,0.8,1.0,1910.8337724711569,5106.399455325999,0.6912,3176.223984437885,0.6040168353428244,1936.8916563799808,4801.996742251442,0.6836,3027.107657990071,0.6194848115742024
XGB_depth_4_lr_0.01_estimators_100_childweight_1_subsample_0.8_seed_1,4.0,0.01,100.0,1.0,0.8,1.0,1910.8337724711569,5106.399455325999,0.6909,3178.342948752347,0.6033537401275295,1936.8916563799808,4801.996742251442,0.6833,3023.84654434456,0.6206230293874313
XGB_depth_4_lr_0.01_estimators_200_childweight_0.5_subsample_0.8_seed_1,4.0,0.01,200.0,0.5,0.8,1.0,1910.8337724711569,5106.399455325999,0.6939,3178.5420177086125,0.6032914447544964,1936.8916563799808,4801.996742251442,0.6954,2964.177726418892,0.6414490780443929
XGB_depth_4_lr_0.01_estimators_200_childweight_2_subsample_0.8_seed_1,4.0,0.01,200.0,2.0,0.8,1.0,1910.8337724711569,5106.399455325999,0.6933,3193.0843949557284,0.5987406457128306,1936.8916563799808,4801.996742251442,0.6948,2978.69956661747,0.6363805588231649
XGB_depth_4_lr_0.01_estimators_100_childweight_2_subsample_0.9_seed_1,4.0,0.01,100.0,2.0,0.9,1.0,1910.8337724711569,5106.399455325999,0.6901,3254.373751006171,0.5795611444497903,1936.8916563799808,4801.996742251442,0.6836,3083.3046799946333,0.5998705146041947
XGB_depth_4_lr_0.01_estimators_100_childweight_0.5_subsample_0.9_seed_1,4.0,0.01,100.0,0.5,0.9,1.0,1910.8337724711569,5106.399455325999,0.6901,3255.902379930238,0.5790827850368486,1936.8916563799808,4801.996742251442,0.684,3087.542939755803,0.5983912460837939
XGB_depth_4_lr_0.01_estimators_100_childweight_1_subsample_0.9_seed_1,4.0,0.01,100.0,1.0,0.9,1.0,1910.8337724711569,5106.399455325999,0.6898,3255.9673893211702,0.5790624414115303,1936.8916563799808,4801.996742251442,0.684,3090.6212310479,0.597316838269827
XGB_depth_4_lr_0.01_estimators_50_childweight_2_subsample_0.6_seed_1,4.0,0.01,50.0,2.0,0.6,1.0,1910.8337724711569,5106.399455325999,0.6888,4121.319339951704,0.3082647058890205,1936.8916563799808,4801.996742251442,0.6927,3992.480853347645,0.2825431754303599
XGB_depth_4_lr_0.01_estimators_50_childweight_1_subsample_0.6_seed_1,4.0,0.01,50.0,1.0,0.6,1.0,1910.8337724711569,5106.399455325999,0.6877,4160.273238529649,0.2960747206269607,1936.8916563799808,4801.996742251442,0.6924,3990.278862874011,0.2833117303027425
XGB_depth_4_lr_0.01_estimators_50_childweight_0.5_subsample_0.6_seed_1,4.0,0.01,50.0,0.5,0.6,1.0,1910.8337724711569,5106.399455325999,0.6885,4160.897649584115,0.2958793214030246,1936.8916563799808,4801.996742251442,0.6926,3979.783077955186,0.2869750461687406
XGB_depth_4_lr_0.01_estimators_50_childweight_2_subsample_0.7_seed_1,4.0,0.01,50.0,2.0,0.7,1.0,1910.8337724711569,5106.399455325999,0.6855,5036.977123691978,0.0217245829139086,1936.8916563799808,4801.996742251442,0.6917,4629.532635180465,0.0601946881185754
XGB_depth_4_lr_0.01_estimators_50_childweight_1_subsample_0.7_seed_1,4.0,0.01,50.0,1.0,0.7,1.0,1910.8337724711569,5106.399455325999,0.685,5038.583235846525,0.021221976391638,1936.8916563799808,4801.996742251442,0.6921,4628.873924594123,0.06042459612076
XGB_depth_4_lr_0.01_estimators_50_childweight_0.5_subsample_0.7_seed_1,4.0,0.01,50.0,0.5,0.7,1.0,1910.8337724711569,5106.399455325999,0.6847,5039.238226455594,0.0210170077963802,1936.8916563799808,4801.996742251442,0.6921,4622.630218703878,0.062603820164246
XGB_depth_4_lr_0.01_estimators_50_childweight_0.5_subsample_0.8_seed_1,4.0,0.01,50.0,0.5,0.8,1.0,1910.8337724711569,5106.399455325999,0.6778,7410.384381540112,-0.7209943887480315,1936.8916563799808,4801.996742251442,0.6941,6831.231372601637,-0.7082583603501496
XGB_depth_4_lr_0.01_estimators_50_childweight_1_subsample_0.8_seed_1,4.0,0.01,50.0,1.0,0.8,1.0,1910.8337724711569,5106.399455325999,0.6767,7410.987118325731,-0.7211830053641295,1936.8916563799808,4801.996742251442,0.6937,6825.507562726418,-0.7062605942286049
XGB_depth_4_lr_0.01_estimators_50_childweight_2_subsample_0.8_seed_1,4.0,0.01,50.0,2.0,0.8,1.0,1910.8337724711569,5106.399455325999,0.678,7438.449659243359,-0.729776958248582,1936.8916563799808,4801.996742251442,0.6925,6879.427091104253,-0.7250799836617277
XGB_depth_4_lr_0.001_estimators_200_childweight_2_subsample_0.6_seed_1,4.0,0.001,200.0,2.0,0.6,1.0,1910.8337724711569,5106.399455325999,0.6863,7729.843694660584,-0.8209639543352658,1936.8916563799808,4801.996742251442,0.6963,7383.051839527708,-0.9008587887418456
XGB_depth_4_lr_0.001_estimators_200_childweight_0.5_subsample_0.6_seed_1,4.0,0.001,200.0,0.5,0.6,1.0,1910.8337724711569,5106.399455325999,0.6863,7743.193174134693,-0.825141455535048,1936.8916563799808,4801.996742251442,0.6974,7330.147679457937,-0.8823937906059467
XGB_depth_4_lr_0.001_estimators_200_childweight_1_subsample_0.6_seed_1,4.0,0.001,200.0,1.0,0.6,1.0,1910.8337724711569,5106.399455325999,0.6858,7758.814054199087,-0.8300297543887389,1936.8916563799808,4801.996742251442,0.6972,7333.548669663222,-0.883580829162423
XGB_depth_4_lr_0.001_estimators_100_childweight_0.5_subsample_0.6_seed_1,4.0,0.001,100.0,0.5,0.6,1.0,1910.8337724711569,5106.399455325999,0.6845,7985.990555406493,-0.9011209237633117,1936.8916563799808,4801.996742251442,0.6903,7859.2834952368175,-1.0670766556038769
XGB_depth_4_lr_0.001_estimators_100_childweight_1_subsample_0.6_seed_1,4.0,0.001,100.0,1.0,0.6,1.0,1910.8337724711569,5106.399455325999,0.6839,7988.328025221358,-0.90185239670014,1936.8916563799808,4801.996742251442,0.6899,7875.533263786396,-1.0727482690569778
XGB_depth_4_lr_0.001_estimators_100_childweight_2_subsample_0.6_seed_1,4.0,0.001,100.0,2.0,0.6,1.0,1910.8337724711569,5106.399455325999,0.6845,7998.235709686075,-0.9049528444605708,1936.8916563799808,4801.996742251442,0.6888,7909.693132966591,-1.08467099724892
XGB_depth_4_lr_0.001_estimators_50_childweight_0.5_subsample_0.6_seed_1,4.0,0.001,50.0,0.5,0.6,1.0,1910.8337724711569,5106.399455325999,0.6826,8158.217008317682,-0.955016374523481,1936.8916563799808,4801.996742251442,0.6878,8009.109622970615,-1.1193700700662736
XGB_depth_4_lr_0.001_estimators_50_childweight_1_subsample_0.6_seed_1,4.0,0.001,50.0,1.0,0.6,1.0,1910.8337724711569,5106.399455325999,0.6823,8159.559060906896,-0.9554363479248772,1936.8916563799808,4801.996742251442,0.6875,8022.448228230242,-1.1240256079470314
XGB_depth_4_lr_0.001_estimators_50_childweight_2_subsample_0.6_seed_1,4.0,0.001,50.0,2.0,0.6,1.0,1910.8337724711569,5106.399455325999,0.6826,8171.432248457204,-0.9591518677197012,1936.8916563799808,4801.996742251442,0.6865,8066.509377431907,-1.139404153543471
XGB_depth_4_lr_0.01_estimators_50_childweight_0.5_subsample_0.9_seed_1,4.0,0.01,50.0,0.5,0.9,1.0,1910.8337724711569,5106.399455325999,0.6775,8877.58065468205,-1.180129458640001,1936.8916563799808,4801.996742251442,0.6809,8756.483237622433,-1.3802238929634862
XGB_depth_4_lr_0.01_estimators_50_childweight_1_subsample_0.9_seed_1,4.0,0.01,50.0,1.0,0.9,1.0,1910.8337724711569,5106.399455325999,0.6775,8877.58065468205,-1.180129458640001,1936.8916563799808,4801.996742251442,0.6806,8783.089329129209,-1.389510146245426
XGB_depth_4_lr_0.001_estimators_50_childweight_2_subsample_0.7_seed_1,4.0,0.001,50.0,2.0,0.7,1.0,1910.8337724711569,5106.399455325999,0.6796,8905.668808693319,-1.1889191869068836,1936.8916563799808,4801.996742251442,0.6783,8886.288230913726,-1.4255293841761447
XGB_depth_4_lr_0.001_estimators_50_childweight_1_subsample_0.7_seed_1,4.0,0.001,50.0,1.0,0.7,1.0,1910.8337724711569,5106.399455325999,0.6794,8918.06143815401,-1.1927972575493313,1936.8916563799808,4801.996742251442,0.6786,8872.747683483161,-1.4208033629571202
XGB_depth_4_lr_0.01_estimators_50_childweight_2_subsample_0.9_seed_1,4.0,0.01,50.0,2.0,0.9,1.0,1910.8337724711569,5106.399455325999,0.6767,8919.114875234773,-1.193126913449197,1936.8916563799808,4801.996742251442,0.6798,8806.568216154568,-1.397704919673158
XGB_depth_4_lr_0.001_estimators_50_childweight_0.5_subsample_0.7_seed_1,4.0,0.001,50.0,0.5,0.7,1.0,1910.8337724711569,5106.399455325999,0.6788,8931.634333243896,-1.1970446730109212,1936.8916563799808,4801.996742251442,0.6787,8859.83073997048,-1.416294996553257
XGB_depth_4_lr_0.001_estimators_100_childweight_1_subsample_0.7_seed_1,4.0,0.001,100.0,1.0,0.7,1.0,1910.8337724711569,5106.399455325999,0.6791,8933.913847598604,-1.1977580097346627,1936.8916563799808,4801.996742251442,0.6776,8909.654491479941,-1.4336848478907012
XGB_depth_4_lr_0.001_estimators_100_childweight_0.5_subsample_0.7_seed_1,4.0,0.001,100.0,0.5,0.7,1.0,1910.8337724711569,5106.399455325999,0.6791,8933.913847598604,-1.1977580097346627,1936.8916563799808,4801.996742251442,0.6777,8905.976485978801,-1.4324011234230447
XGB_depth_4_lr_0.001_estimators_200_childweight_0.5_subsample_0.7_seed_1,4.0,0.001,200.0,0.5,0.7,1.0,1910.8337724711569,5106.399455325999,0.6794,8947.167662999733,-1.2019055744279,1936.8916563799808,4801.996742251442,0.6774,8912.172323225546,-1.4345636400013366
XGB_depth_4_lr_0.001_estimators_100_childweight_2_subsample_0.7_seed_1,4.0,0.001,100.0,2.0,0.7,1.0,1910.8337724711569,5106.399455325999,0.6791,8948.095508451837,-1.2021959284822956,1936.8916563799808,4801.996742251442,0.6774,8916.883579095665,-1.436207997094328
XGB_depth_4_lr_0.001_estimators_200_childweight_2_subsample_0.7_seed_1,4.0,0.001,200.0,2.0,0.7,1.0,1910.8337724711569,5106.399455325999,0.6794,8948.508803327073,-1.202325262351868,1936.8916563799808,4801.996742251442,0.6774,8921.737907554005,-1.4379022904318663
XGB_depth_4_lr_0.001_estimators_200_childweight_1_subsample_0.7_seed_1,4.0,0.001,200.0,1.0,0.7,1.0,1910.8337724711569,5106.399455325999,0.6791,8948.509385564797,-1.202325444553638,1936.8916563799808,4801.996742251442,0.6774,8908.830197236013,-1.4333971466653628
XGB_depth_4_lr_0.001_estimators_200_childweight_2_subsample_0.8_seed_1,4.0,0.001,200.0,2.0,0.8,1.0,1910.8337724711569,5106.399455325999,0.6783,8972.84636973437,-1.209941305588868,1936.8916563799808,4801.996742251442,0.6773,8931.073391922717,-1.4411606296860695
XGB_depth_4_lr_0.001_estimators_200_childweight_1_subsample_0.8_seed_1,4.0,0.001,200.0,1.0,0.8,1.0,1910.8337724711569,5106.399455325999,0.678,8972.846951972095,-1.2099414877906385,1936.8916563799808,4801.996742251442,0.6774,8924.37819133235,-1.4388238216494695
XGB_depth_4_lr_0.001_estimators_200_childweight_0.5_subsample_0.8_seed_1,4.0,0.001,200.0,0.5,0.8,1.0,1910.8337724711569,5106.399455325999,0.678,8972.846951972095,-1.2099414877906385,1936.8916563799808,4801.996742251442,0.6774,8921.049584060109,-1.4376620467154004
XGB_depth_4_lr_0.001_estimators_100_childweight_2_subsample_0.8_seed_1,4.0,0.001,100.0,2.0,0.8,1.0,1910.8337724711569,5106.399455325999,0.6772,8977.295140863966,-1.2113334757305942,1936.8916563799808,4801.996742251442,0.6767,8930.841227022675,-1.441079597789129
XGB_depth_4_lr_0.001_estimators_100_childweight_1_subsample_0.8_seed_1,4.0,0.001,100.0,1.0,0.8,1.0,1910.8337724711569,5106.399455325999,0.677,8977.613748323047,-1.2114331787223964,1936.8916563799808,4801.996742251442,0.6767,8930.841227022675,-1.441079597789129
XGB_depth_4_lr_0.001_estimators_100_childweight_0.5_subsample_0.8_seed_1,4.0,0.001,100.0,0.5,0.8,1.0,1910.8337724711569,5106.399455325999,0.677,8977.613748323047,-1.2114331787223964,1936.8916563799808,4801.996742251442,0.6768,8924.516996511471,-1.4388722684515804
XGB_depth_4_lr_0.001_estimators_50_childweight_0.5_subsample_0.8_seed_1,4.0,0.001,50.0,0.5,0.8,1.0,1910.8337724711569,5106.399455325999,0.6767,8979.401269117252,-1.2119925541105463,1936.8916563799808,4801.996742251442,0.6766,8927.69482154837,-1.4399814162634947
XGB_depth_4_lr_0.001_estimators_50_childweight_2_subsample_0.8_seed_1,4.0,0.001,50.0,2.0,0.8,1.0,1910.8337724711569,5106.399455325999,0.6767,8979.401269117252,-1.2119925541105463,1936.8916563799808,4801.996742251442,0.6765,8931.527994767208,-1.4413192985065373
XGB_depth_4_lr_0.001_estimators_50_childweight_1_subsample_0.8_seed_1,4.0,0.001,50.0,1.0,0.8,1.0,1910.8337724711569,5106.399455325999,0.6764,8979.611851354977,-1.2120584523766516,1936.8916563799808,4801.996742251442,0.6766,8928.402293036363,-1.440228343153361
XGB_depth_4_lr_0.001_estimators_100_childweight_2_subsample_0.9_seed_1,4.0,0.001,100.0,2.0,0.9,1.0,1910.8337724711569,5106.399455325999,0.6783,8982.677029782666,-1.2130176498183234,1936.8916563799808,4801.996742251442,0.6774,8922.42551791225,-1.4381422852444952
XGB_depth_4_lr_0.001_estimators_100_childweight_1_subsample_0.9_seed_1,4.0,0.001,100.0,1.0,0.9,1.0,1910.8337724711569,5106.399455325999,0.678,8982.67787496646,-1.2130179143047646,1936.8916563799808,4801.996742251442,0.6775,8919.09838588488,-1.4369810252112147
XGB_depth_4_lr_0.001_estimators_100_childweight_0.5_subsample_0.9_seed_1,4.0,0.001,100.0,0.5,0.9,1.0,1910.8337724711569,5106.399455325999,0.678,8982.67787496646,-1.2130179143047646,1936.8916563799808,4801.996742251442,0.6775,8919.09838588488,-1.4369810252112147
XGB_depth_4_lr_0.001_estimators_200_childweight_2_subsample_0.9_seed_1,4.0,0.001,200.0,2.0,0.9,1.0,1910.8337724711569,5106.399455325999,0.678,8983.430354172257,-1.2132533903614244,1936.8916563799808,4801.996742251442,0.6774,8925.644317053535,-1.439265734138973
XGB_depth_4_lr_0.001_estimators_200_childweight_0.5_subsample_0.9_seed_1,4.0,0.001,200.0,0.5,0.9,1.0,1910.8337724711569,5106.399455325999,0.6778,8984.6054923531,-1.2136211306294924,1936.8916563799808,4801.996742251442,0.6778,8902.62668992352,-1.4312319530244435
XGB_depth_4_lr_0.001_estimators_200_childweight_1_subsample_0.9_seed_1,4.0,0.001,200.0,1.0,0.9,1.0,1910.8337724711569,5106.399455325999,0.6775,8984.816074590823,-1.2136870288955972,1936.8916563799808,4801.996742251442,0.6777,8908.990616530256,-1.4334531373845287
XGB_depth_4_lr_0.001_estimators_50_childweight_0.5_subsample_0.9_seed_1,4.0,0.001,50.0,0.5,0.9,1.0,1910.8337724711569,5106.399455325999,0.6778,8996.247263214382,-1.2172642323575351,1936.8916563799808,4801.996742251442,0.6797,8895.725167046827,-1.428823132869565
XGB_depth_4_lr_0.001_estimators_50_childweight_1_subsample_0.9_seed_1,4.0,0.001,50.0,1.0,0.9,1.0,1910.8337724711569,5106.399455325999,0.6778,8996.247263214382,-1.2172642323575351,1936.8916563799808,4801.996742251442,0.6795,8905.078491882463,-1.4320876989344398
XGB_depth_4_lr_0.001_estimators_50_childweight_2_subsample_0.9_seed_1,4.0,0.001,50.0,2.0,0.9,1.0,1910.8337724711569,5106.399455325999,0.6778,8996.247263214382,-1.2172642323575351,1936.8916563799808,4801.996742251442,0.6793,8918.457958540184,-1.4367574985601843
